"position_id","symbol","position_side","open_time","close_time","pnl","fee","funding_fee"
"43121472735797_8725725294100481_BIO_USDT_PERP_S_10942509368","BIO_USDT_PERP","short","2026-02-20 16:25:39","2026-02-21 16:41:53","100.913610000000000000","-0.9495187250","-13.3061368665"
"43121472735797_8725725266903041_YGG_USDT_PERP_S_17039731750","YGG_USDT_PERP","short","2026-02-21 18:43:08","2026-02-22 07:02:30","104.562600000000000000","-1.0422163500","-11.5733706481"
"43121472735797_8725725304979457_AZTEC_USDT_PERP_S_508937833","AZTEC_USDT_PERP","short","2026-02-20 16:32:59","2026-02-23 15:25:36","68.564420000000000000","-0.7468047200","-129.0058765227"
"43121472735797_8725725268082689_AGLD_USDT_PERP_S_23976504088","AGLD_USDT_PERP","short","2026-02-22 14:42:05","2026-02-23 15:25:41","49.927300000000000000","-0.9959052500","-16.6531128331"
"43121472735797_8725725294952449_FLOCK_USDT_PERP_S_9882487009","FLOCK_USDT_PERP","short","2026-02-23 19:40:06","2026-02-24 01:17:58","101.335000000000000000","-0.7372493000","-5.3977759465"
"43121472735797_8725725296328705_AKE_USDT_PERP_S_8772330185","AKE_USDT_PERP","short","2026-02-24 07:58:11","2026-02-26 07:38:35","30.810730400000000000","-1.4694841699","10.6939435271"
"43121472735797_8725725285908481_GRIFFAIN_USDT_PERP_S_15082373729","GRIFFAIN_USDT_PERP","short","2026-02-26 15:35:22","2026-02-26 16:10:26","1.070800000000000000","-0.2489610000","0.0386851965"
"43121472735797_8725725296590849_OPENEDEN_USDT_PERP_S_8801079241","OPENEDEN_USDT_PERP","short","2026-02-26 15:55:20","2026-02-26 18:02:55","144.137990000000000000","-1.9279052350","0.0929962064"
"43121472735797_8725725275750401_AXL_USDT_PERP_S_5258821691","AXL_USDT_PERP","short","2026-02-25 14:35:25","2026-02-26 18:03:06","85.243600000000000000","-0.9573512000","-18.4176166090"
"43121472735797_8725725289250817_B_USDT_PERP_S_19022013863","B_USDT_PERP","short","2026-02-27 06:50:00","2026-02-27 07:08:42","3.053900000000000000","-0.9983785500","0.0000000000"
"43121472735797_8725725274505217_LUNC_USDT_PERP_S_6493903549","LUNC_USDT_PERP","short","2026-02-27 06:50:28","2026-02-27 07:21:55","154.074658160000000000","-2.4229626388","0.0000000000"
"43121472735797_8725725299539969_FOLKS_USDT_PERP_S_6687107399","FOLKS_USDT_PERP","short","2026-02-27 09:21:24","2026-02-27 09:47:28","80.696700000000000000","-1.4595956500","0.0000000000"
"43121472735797_8725725303275521_FOGO_USDT_PERP_S_2560276295","FOGO_USDT_PERP","short","2026-02-24 08:00:50","2026-02-27 16:04:46","2.769050000000000000","-0.9986113950","-13.4799319508"
"43121472735797_8725725284728833_AIXBT_USDT_PERP_S_21704817247","AIXBT_USDT_PERP","short","2026-02-27 14:36:18","2026-02-27 18:23:39","52.038000000000000000","-0.9739779000","-1.3283979949"
"43121472735797_8725725277716481_PORTAL_USDT_PERP_S_13925899611","PORTAL_USDT_PERP","short","2026-02-27 20:03:53","2026-02-27 20:29:56","50.571909000000000000","-0.9747134075","0.0000000000"
"43121472735797_8725725274963969_USTC_USDT_PERP_S_5660920701","USTC_USDT_PERP","short","2026-02-27 20:36:52","2026-02-28 06:47:11","87.491986000000000000","-0.9562528300","-0.2613208379"
"43121472735797_8725725290692609_SAHARA_USDT_PERP_S_16382880521","SAHARA_USDT_PERP","short","2026-02-27 09:11:07","2026-02-28 08:30:34","130.961270000000000000","-2.9344933550","-242.0968214138"
"43121472735797_8725725285842945_LAYER_USDT_PERP_S_14813606321","LAYER_USDT_PERP","short","2026-02-28 08:49:46","2026-02-28 09:37:55","103.212730000000000000","-1.9483837050","0.0000000000"
"43121472735797_8725725282566145_GRASS_USDT_PERP_S_18106701210","GRASS_USDT_PERP","short","2026-03-01 09:16:52","2026-03-01 13:24:30","120.620600000000000000","-1.9394283000","-0.3251549636"
"43121472735797_8725725295673345_STBL_USDT_PERP_S_9621537614","STBL_USDT_PERP","short","2026-02-26 07:39:38","2026-03-01 21:59:44","130.015130000000000000","-2.1849456150","2.5017835076"
"43121472735797_8725725282959361_HIPPO_USDT_PERP_S_13224628037","HIPPO_USDT_PERP","short","2026-03-01 15:22:02","2026-03-01 23:30:06","123.757201000000000000","-1.9381207445","0.2061736881"
"43121472735797_8725725266640897_KNC_USDT_PERP_S_18024233660","KNC_USDT_PERP","short","2026-03-02 06:04:27","2026-03-02 08:48:35","119.949800000000000000","-1.9400210000","-34.0828722365"
"43121472735797_8725725284794369_PHA_USDT_PERP_S_12667799876","PHA_USDT_PERP","short","2026-03-02 08:54:15","2026-03-02 09:23:15","102.975190000000000000","-1.9484928650","0.0000000000"
"43121472735797_8725725284794369_PHA_USDT_PERP_S_12671955348","PHA_USDT_PERP","short","2026-03-02 10:34:59","2026-03-02 11:04:12","85.034160000000000000","-1.9574690400","0.0000000000"
"43121472735797_8725725276995585_ZETA_USDT_PERP_S_17202165367","ZETA_USDT_PERP","short","2026-03-02 11:45:43","2026-03-02 12:14:19","96.033480000000000000","-1.9519477800","-11.0270408168"
"43121472735797_8725725284794369_PHA_USDT_PERP_S_12677342698","PHA_USDT_PERP","short","2026-03-02 12:45:46","2026-03-02 13:50:42","69.303420000000000000","-1.9653439000","0.0000000000"
"43121472735797_8725725263953921_KAVA_USDT_PERP_S_15888720302","KAVA_USDT_PERP","short","2026-03-02 07:20:30","2026-03-02 13:53:37","51.194400000000000000","-1.9743973600","-25.2087117409"
"43121472735797_8725725269721089_TRU_USDT_PERP_S_6627376572","TRU_USDT_PERP","short","2026-03-02 17:22:04","2026-03-02 19:30:08","93.875670000000000000","-1.3481661060","0.0000000000"
"43121472735797_8725725283942401_USUAL_USDT_PERP_S_14643618122","USUAL_USDT_PERP","short","2026-03-02 19:34:14","2026-03-02 20:35:32","93.103200000000000000","-2.9534404000","-6.8734773456"
"43121472735797_8725725284794369_PHA_USDT_PERP_S_12719657171","PHA_USDT_PERP","short","2026-03-03 05:52:44","2026-03-03 06:01:08","6.510900000000000000","-1.9967186600","0.0000000000"
"43121472735797_8725725293117441_AIO_USDT_PERP_S_12461323091","AIO_USDT_PERP","short","2026-03-03 08:02:35","2026-03-03 08:03:09","-3.646540000000000000","-2.0017546400","0.0000000000"
"43121472735797_8725725284794369_PHA_USDT_PERP_S_12727475997","PHA_USDT_PERP","short","2026-03-03 08:59:10","2026-03-03 09:09:41","78.576550000000000000","-1.9607076450","0.0000000000"
"43121472735797_8725725283942401_USUAL_USDT_PERP_S_14674127222","USUAL_USDT_PERP","short","2026-03-03 08:03:51","2026-03-03 10:09:07","68.686800000000000000","-1.9656546000","0.0000000000"
"43121472735797_8725725283352577_AKT_USDT_PERP_S_13827426215","AKT_USDT_PERP","short","2026-03-03 13:34:45","2026-03-03 17:06:29","56.198890000000000000","-1.9718857950","-1.9571489599"
"43121472735797_8725725277978625_DODO_USDT_PERP_S_5811066291","DODO_USDT_PERP","short","2026-03-03 17:51:58","2026-03-03 19:06:39","100.464773000000000000","-1.9497553935","0.0000000000"
"43121472735797_8725725276209153_METIS_USDT_PERP_S_17422072693","METIS_USDT_PERP","short","2026-03-03 19:45:59","2026-03-03 20:58:37","95.265350000000000000","-1.9523552250","0.0772356265"
"43121472735797_8725725277978625_DODO_USDT_PERP_S_5812343898","DODO_USDT_PERP","short","2026-03-03 21:03:29","2026-03-03 21:08:23","62.546333000000000000","-1.9687185675","0.0000000000"
"43121472735797_8725725284794369_PHA_USDT_PERP_S_12737148493","PHA_USDT_PERP","short","2026-03-03 12:49:58","2026-03-04 06:45:29","89.186690000000000000","-2.8213376750","-53.7749377149"
"43121472735797_8725725291282433_AIOT_USDT_PERP_S_11808727631","AIOT_USDT_PERP","short","2026-03-04 16:26:11","2026-03-04 17:19:55","-7.318900000000000000","-0.8536374500","0.0000000000"
"43121472735797_8725725276012545_AI_USDT_PERP_S_20425474741","AI_USDT_PERP","short","2026-03-04 09:48:56","2026-03-05 11:29:28","-4.269320000000000000","-2.0021187000","0.5991968874"
"43121472735797_8725725286825985_ORCA_USDT_PERP_S_11598732762","ORCA_USDT_PERP","short","2026-03-05 11:29:42","2026-03-05 11:31:26","100.927800000000000000","-1.9495347000","0.0000000000"
"43121472735797_8725725290233857_SQD_USDT_PERP_S_18036110141","SQD_USDT_PERP","short","2026-03-04 07:46:18","2026-03-05 11:32:22","44.722520000000000000","-1.9776212300","0.7013539809"
"43121472735797_8725725291282433_AIOT_USDT_PERP_S_11810833403","AIOT_USDT_PERP","short","2026-03-04 17:20:22","2026-03-05 15:00:07","91.305200000000000000","-1.9543159000","2.2846937527"
"43121472735797_8725725293838337_OKB_USDT_PERP_S_11849593339","OKB_USDT_PERP","short","2026-03-05 13:03:48","2026-03-05 15:09:28","65.510700000000000000","-0.9662809500","0.0000000000"
"43121472735797_8725725296328705_AKE_USDT_PERP_S_9320934090","AKE_USDT_PERP","short","2026-03-05 15:25:06","2026-03-05 18:32:28","130.848282500000000000","-3.4345754974","1.0478242469"
"43121472735797_8725725263888385_ARPA_USDT_PERP_S_17107196091","ARPA_USDT_PERP","short","2026-03-05 19:30:49","2026-03-05 20:39:17","58.422300000000000000","-1.9785685600","0.0000000000"
"43121472735797_8725725286825985_ORCA_USDT_PERP_S_11599312499","ORCA_USDT_PERP","short","2026-03-05 11:43:46","2026-03-05 20:39:23","41.174600000000000000","-2.4793149000","-30.9547270732"
"43121472735797_8725725291675649_ASR_USDT_PERP_S_14010303412","ASR_USDT_PERP","short","2026-03-05 20:05:47","2026-03-05 20:39:25","67.157800000000000000","-1.9663909000","0.0000000000"
"43121472735797_8725725270507521_MAGIC_USDT_PERP_S_18353377364","MAGIC_USDT_PERP","short","2026-03-05 20:44:01","2026-03-05 21:41:35","84.350970000000000000","-3.9578126850","0.0000000000"
"43121472735797_8725725288595457_PLUME_USDT_PERP_S_1941259906","PLUME_USDT_PERP","short","2026-03-06 08:08:24","2026-03-06 08:18:12","62.237500000000000000","-1.9688753500","0.0000000000"
"43121472735797_8725725279289345_BICO_USDT_PERP_S_20123131024","BICO_USDT_PERP","short","2026-03-06 08:09:44","2026-03-06 09:17:44","62.175600000000000000","-1.9688940000","0.0000000000"
"43121472735797_8725725298753537_APR_USDT_PERP_S_6243210225","APR_USDT_PERP","short","2026-03-06 07:12:14","2026-03-06 11:45:17","114.160220000000000000","-3.4426666000","0.1054511489"
"43121472735797_8725725298753537_APR_USDT_PERP_S_6244553240","APR_USDT_PERP","short","2026-03-06 14:04:15","2026-03-06 14:57:37","109.663450000000000000","-2.9450803050","0.0000000000"
"43121472735797_8725725290168321_RESOLV_USDT_PERP_S_18281466764","RESOLV_USDT_PERP","short","2026-03-06 15:39:16","2026-03-06 23:05:42","13.757250000000000000","-1.9930478750","0.0995659436"
"43121472735797_8725725298753537_APR_USDT_PERP_S_6245123701","APR_USDT_PERP","short","2026-03-06 17:03:43","2026-03-07 07:00:26","66.081050000000000000","-1.9669241150","0.3024715179"
"43121472735797_8725725297770497_ZBT_USDT_PERP_S_8144520530","ZBT_USDT_PERP","short","2026-03-06 09:28:46","2026-03-07 07:23:26","32.524100000000000000","-2.3336938500","0.5304684779"
"43121472735797_8725725296328705_AKE_USDT_PERP_S_9419416775","AKE_USDT_PERP","short","2026-03-07 07:22:59","2026-03-07 07:45:49","300.874841700000000000","-2.3495620480","0.0000000000"
"43121472735797_8725725277192193_DYM_USDT_PERP_S_16434035280","DYM_USDT_PERP","short","2026-03-07 08:25:16","2026-03-07 10:49:49","42.223367000000000000","-1.9788862825","0.0000000000"
"43121472735797_8725725283352577_AKT_USDT_PERP_S_14057023149","AKT_USDT_PERP","short","2026-03-07 10:21:15","2026-03-07 10:55:24","8.634620000000000000","-2.8956392300","0.0000000000"
"43121472735797_8725725283352577_AKT_USDT_PERP_S_14058439808","AKT_USDT_PERP","short","2026-03-07 10:55:30","2026-03-07 11:01:07","88.476780000000000000","-3.9557468200","0.0000000000"
"43121472735797_8725725294690305_PTB_USDT_PERP_S_10771628120","PTB_USDT_PERP","short","2026-03-07 07:21:44","2026-03-07 11:16:01","28.954171000000000000","-2.9855226885","0.1898724258"
"43121472735797_8725725269852161_BAND_USDT_PERP_S_24609799490","BAND_USDT_PERP","short","2026-03-07 11:07:45","2026-03-07 12:42:26","51.560520000000000000","-4.9741951400","0.0000000000"
"43121472735797_8725725290233857_SQD_USDT_PERP_S_18227763617","SQD_USDT_PERP","short","2026-03-07 13:21:30","2026-03-07 13:49:35","82.913090000000000000","-3.9585270650","0.0000000000"
"43121472735797_8725725290168321_RESOLV_USDT_PERP_S_18336494694","RESOLV_USDT_PERP","short","2026-03-07 13:54:07","2026-03-07 14:01:32","-49.476430000000000000","-5.0247128150","0.0000000000"
"43121472735797_8725725296263169_HANA_USDT_PERP_S_9517427467","HANA_USDT_PERP","short","2026-03-07 14:43:33","2026-03-07 14:58:08","-15.308650000000000000","-5.0076045950","0.0000000000"
"43121472735797_8725725297573889_CLO_USDT_PERP_S_6772998589","CLO_USDT_PERP","short","2026-03-07 16:21:44","2026-03-07 16:36:18","81.415000000000000000","-3.9592923000","0.0000000000"
"43121472735797_8725725291282433_AIOT_USDT_PERP_S_11976339615","AIOT_USDT_PERP","short","2026-03-07 16:23:36","2026-03-07 16:52:21","86.195300000000000000","-2.9568743500","0.0000000000"
"43121472735797_8725725288005633_BABY_USDT_PERP_S_19647985842","BABY_USDT_PERP","short","2026-03-07 19:34:05","2026-03-07 19:53:39","52.487790000000000000","-1.9737545350","0.0000000000"
"43121472735797_8725725280468993_BANANA_USDT_PERP_S_16918619711","BANANA_USDT_PERP","short","2026-03-07 16:59:21","2026-03-07 23:44:01","57.187000000000000000","-4.9708038000","-79.0119682034"
"43121472735797_8725725296787457_EVAA_USDT_PERP_S_9207468782","EVAA_USDT_PERP","short","2026-03-08 12:02:33","2026-03-08 17:00:41","29.406240000000000000","-1.9852558600","0.1172206138"
"43121472735797_8725725278699521_SKL_USDT_PERP_S_4288516468","SKL_USDT_PERP","short","2026-03-08 17:18:56","2026-03-08 22:05:47","58.131610000000000000","-4.1569273950","-14.9795114593"
"43121472735797_8725725269983233_UMA_USDT_PERP_S_17786355622","UMA_USDT_PERP","short","2026-03-08 22:10:56","2026-03-09 00:01:34","82.591400000000000000","-2.6582924000","-18.1198019933"
"43121472735797_8725725271031809_ZRX_USDT_PERP_S_18269167967","ZRX_USDT_PERP","short","2026-03-09 10:12:06","2026-03-09 18:53:07","2.300620000000000000","-2.9988454900","-0.1767828776"
"43121472735797_8725725287153665_TUT_USDT_PERP_S_2183876942","TUT_USDT_PERP","short","2026-03-09 18:55:52","2026-03-09 20:10:22","56.449830000000000000","-3.6717679950","0.1844203957"
"43121472735797_8725725302620161_COLLECT_USDT_PERP_S_3773818226","COLLECT_USDT_PERP","short","2026-03-09 20:16:23","2026-03-09 20:24:50","3.704900000000000000","-2.9981211400","0.0000000000"
"43121472735797_8725725281124353_DOGS_USDT_PERP_S_15717980898","DOGS_USDT_PERP","short","2026-03-09 20:49:39","2026-03-09 21:20:26","52.631578800000000000","-1.9736842050","0.0000000000"
"43121472735797_8725725291151361_AIN_USDT_PERP_S_15827506263","AIN_USDT_PERP","short","2026-03-10 06:51:14","2026-03-10 06:52:46","93.557460000000000000","-3.4531697800","0.0000000000"
"43121472735797_8725725288857601_SXT_USDT_PERP_S_20507903392","SXT_USDT_PERP","short","2026-03-10 07:01:36","2026-03-10 07:58:46","15.743310000000000000","-1.9921093450","0.0000000000"
"43121472735797_8725725303865345_DEAGENTAI_USDT_PERP_S_2897799879","DEAGENTAI_USDT_PERP","short","2026-03-10 08:15:11","2026-03-10 08:15:47","4.852530000000000000","-1.9975292450","0.0000000000"
"43121472735797_8725725283352577_AKT_USDT_PERP_S_14231455539","AKT_USDT_PERP","short","2026-03-10 08:47:11","2026-03-10 12:24:10","59.697430000000000000","-3.8701441050","-1.4774489771"
"43121472735797_8725725290364929_MYX_USDT_PERP_S_17844400738","MYX_USDT_PERP","short","2026-03-10 13:03:25","2026-03-10 13:07:43","-0.896000000000000000","-1.0002730000","0.0000000000"
"43121472735797_8725725271425025_BSV_USDT_PERP_S_22691964529","BSV_USDT_PERP","short","2026-03-10 12:24:23","2026-03-10 18:33:01","-45.036000000000000000","-3.0219810000","-2.8673516648"
"43121472735797_8725725276143617_XAI_USDT_PERP_S_5928087639","XAI_USDT_PERP","short","2026-03-10 18:52:54","2026-03-10 18:53:49","9.065870000000000000","-0.8954607050","0.0000000000"
"43121472735797_8725725294362625_MITO_USDT_PERP_S_11791436294","MITO_USDT_PERP","short","2026-03-11 15:22:21","2026-03-11 15:24:32","74.373760000000000000","-2.9628073100","0.0000000000"
"43121472735797_8725725286760449_SOLV_USDT_PERP_S_14699687197","SOLV_USDT_PERP","short","2026-03-11 15:33:02","2026-03-11 15:35:01","10.083960000000000000","-0.3949551000","0.0000000000"
"43121472735797_8725725292265473_TOWNS_USDT_PERP_S_13564618659","TOWNS_USDT_PERP","short","2026-03-11 15:37:47","2026-03-11 15:39:18","0.594733000000000000","-0.3996987085","0.0000000000"
"43121472735797_8725725286039553_ZEREBRO_USDT_PERP_S_14790809780","ZEREBRO_USDT_PERP","short","2026-03-11 15:36:29","2026-03-11 15:49:48","14.943900000000000000","-0.3925264400","0.0000000000"
"43121472735797_8725725291872257_TREE_USDT_PERP_S_13691692891","TREE_USDT_PERP","short","2026-03-11 15:44:33","2026-03-11 16:00:52","-11.899500000000000000","-2.0058790500","0.1004423200"
"43121472735797_8725725292724225_OG_USDT_PERP_S_13177293725","OG_USDT_PERP","short","2026-03-11 16:11:29","2026-03-11 16:27:17","12.106000000000000000","-2.9939291000","0.0000000000"
"43121472735797_8725725295017985_AVNT_USDT_PERP_S_10943180343","AVNT_USDT_PERP","short","2026-03-11 16:27:36","2026-03-11 16:48:00","104.945200000000000000","-2.9475126000","0.0000000000"
"43121472735797_8725725295017985_AVNT_USDT_PERP_S_10944815256","AVNT_USDT_PERP","short","2026-03-11 17:07:10","2026-03-11 17:15:05","48.391800000000000000","-2.0757873000","0.0000000000"
"43121472735797_8725725291872257_TREE_USDT_PERP_S_13695598289","TREE_USDT_PERP","short","2026-03-11 17:25:18","2026-03-11 17:41:57","1.054700000000000000","-2.9994189500","0.0000000000"
"43121472735797_8725725277978625_DODO_USDT_PERP_S_5859966506","DODO_USDT_PERP","short","2026-03-11 17:43:20","2026-03-11 17:53:01","109.151377000000000000","-2.9454076375","0.0000000000"
"43121472735797_8725725275881473_NFP_USDT_PERP_S_15762746532","NFP_USDT_PERP","short","2026-03-11 20:12:38","2026-03-11 20:18:01","149.632969000000000000","-1.9251817925","0.0000000000"
"43121472735797_8725725288267777_STO_USDT_PERP_S_2466485429","STO_USDT_PERP","short","2026-03-12 07:38:18","2026-03-12 07:43:38","-29.387550000000000000","-2.0146386350","0.0000000000"
"43121472735797_8725725288267777_STO_USDT_PERP_S_2466706680","STO_USDT_PERP","short","2026-03-12 07:49:12","2026-03-12 07:50:30","32.040900000000000000","-2.9839378500","0.0000000000"
"43121472735797_8725725299605505_UAI_USDT_PERP_S_7439072669","UAI_USDT_PERP","short","2026-03-12 08:13:19","2026-03-12 09:16:19","-239.577600000000000000","-3.1195500000","0.0000000000"
"43121472735797_8725725269983233_UMA_USDT_PERP_S_17995268001","UMA_USDT_PERP","short","2026-03-12 10:40:56","2026-03-12 10:42:43","14.595400000000000000","-2.9925352000","0.0000000000"
"43121472735797_8725725293379585_ALPINE_USDT_PERP_S_12630587848","ALPINE_USDT_PERP","short","2026-03-12 10:48:59","2026-03-12 11:02:59","107.594770000000000000","-2.6534482150","0.0000000000"
"43121472735797_8725725285515265_VINE_USDT_PERP_S_15884955088","VINE_USDT_PERP","short","2026-03-12 13:46:28","2026-03-12 13:58:17","69.920680000000000000","-1.9650301400","0.0000000000"
"43121472735797_8725725282369537_PUFFER_USDT_PERP_S_3358275570","PUFFER_USDT_PERP","short","2026-03-12 15:11:24","2026-03-12 15:24:03","41.106970000000000000","-2.9793939250","0.0000000000"
"43121472735797_8725725282369537_PUFFER_USDT_PERP_S_3358497900","PUFFER_USDT_PERP","short","2026-03-12 15:30:35","2026-03-12 15:45:46","80.856310000000000000","-1.3595613450","0.0000000000"
"43121472735797_8725725299146753_OL_USDT_PERP_S_7906607147","OL_USDT_PERP","short","2026-03-12 16:24:10","2026-03-12 16:27:37","3.029210000000000000","-1.9984795350","0.0000000000"
"43121472735797_8725725266247681_GRT_USDT_PERP_S_22315746335","GRT_USDT_PERP","short","2026-03-12 19:28:03","2026-03-12 19:28:43","9.335690000000000000","-1.9953242050","0.0000000000"
"43121472735797_8725725266706433_OGN_USDT_PERP_S_14704875874","OGN_USDT_PERP","short","2026-03-11 18:51:35","2026-03-13 14:29:58","-562.783000000000000000","-4.1813635000","-298.2382397501"
"43121472735797_8725725284794369_PHA_USDT_PERP_S_13342831320","PHA_USDT_PERP","short","2026-03-13 17:08:40","2026-03-13 17:09:57","2.281470000000000000","-0.4988256650","0.0000000000"
"43121472735797_8725725299933185_CLANKER_USDT_PERP_S_5067170553","CLANKER_USDT_PERP","short","2026-03-13 17:20:00","2026-03-13 17:32:51","27.932400000000000000","-0.8860189000","0.0000000000"
"43121472735797_8725725296459777_LIGHT_USDT_PERP_S_9909122825","LIGHT_USDT_PERP","short","2026-03-13 16:43:15","2026-03-13 17:42:37","60.291400000000000000","-2.9697127000","0.0000000000"
"43121472735797_8725725297377281_MET_USDT_PERP_S_8958498774","MET_USDT_PERP","short","2026-03-13 16:40:25","2026-03-13 17:44:52","60.186200000000000000","-2.9698969000","0.0000000000"
"43121472735797_8725725292265473_TOWNS_USDT_PERP_S_13727224827","TOWNS_USDT_PERP","short","2026-03-14 09:26:06","2026-03-14 09:26:22","-2.221955000000000000","-3.0011077365","0.0000000000"
"43121472735797_8725725291675649_ASR_USDT_PERP_S_14512820111","ASR_USDT_PERP","short","2026-03-14 09:10:46","2026-03-14 09:27:45","121.714600000000000000","-2.9391106000","0.0000000000"
"43121472735797_8725725265723393_PHB_USDT_PERP_S_17444784853","PHB_USDT_PERP","short","2026-03-14 10:26:17","2026-03-14 10:44:26","133.933800000000000000","-7.4326964000","0.0000000000"
"43121472735797_8725725278044161_MNT_USDT_PERP_S_18857019663","MNT_USDT_PERP","short","2026-03-14 12:29:38","2026-03-14 13:51:12","93.592000000000000000","-5.9519169000","0.0000000000"
"43121472735797_8725725265723393_PHB_USDT_PERP_S_17453939263","PHB_USDT_PERP","short","2026-03-14 14:11:58","2026-03-14 14:12:33","103.721200000000000000","-2.9480626000","0.0000000000"
"43121472735797_8725725269590017_HOOK_USDT_PERP_S_17700616567","HOOK_USDT_PERP","short","2026-03-14 13:42:03","2026-03-14 14:18:21","51.158718000000000000","-2.9744203350","0.0000000000"
"43121472735797_8725725278765057_HFT_USDT_PERP_S_16444043699","HFT_USDT_PERP","short","2026-03-15 12:11:09","2026-03-15 12:11:56","116.323850000000000000","-2.9418375450","0.0000000000"
"43121472735797_8725725280141313_LISTA_USDT_PERP_S_14534877918","LISTA_USDT_PERP","short","2026-03-15 12:10:33","2026-03-15 12:27:21","131.996300000000000000","-5.9338811500","0.0000000000"
"43121472735797_8725725266444289_MAV_USDT_PERP_S_17252568897","MAV_USDT_PERP","short","2026-03-15 18:51:28","2026-03-15 18:56:02","121.479930000000000000","-2.9392487750","0.0000000000"
"43121472735797_8725725289316353_SOON_USDT_PERP_S_20184840111","SOON_USDT_PERP","short","2026-03-15 16:15:58","2026-03-15 19:17:56","12.096800000000000000","-2.9939109000","0.0000000000"
"43121472735797_8725725304782849_INX_USDT_PERP_S_2392051569","INX_USDT_PERP","short","2026-03-14 10:21:19","2026-03-16 03:50:25","64.142195000000000000","-2.9679210535","1.4501071172"
"43121472735797_8725725291151361_AIN_USDT_PERP_S_16186662805","AIN_USDT_PERP","short","2026-03-16 08:07:27","2026-03-16 08:11:54","137.671410000000000000","-2.9311103250","0.0000000000"
"43121472735797_8725725291151361_AIN_USDT_PERP_S_16187099391","AIN_USDT_PERP","short","2026-03-16 08:17:58","2026-03-16 09:06:02","203.484560000000000000","-2.8982361300","0.0000000000"
"43121472735797_8725725279879169_BB_USDT_PERP_S_17114983057","BB_USDT_PERP","short","2026-03-16 11:23:06","2026-03-16 11:29:04","121.580280000000000000","-2.9391951200","0.0000000000"
"43121472735797_8725725267230721_ENJ_USDT_PERP_S_6478272194","ENJ_USDT_PERP","short","2026-03-17 12:48:44","2026-03-17 12:50:24","113.016060000000000000","-2.9434875200","0.0000000000"
"43121472735797_8725725281189889_MBOX_USDT_PERP_S_14470926441","MBOX_USDT_PERP","short","2026-03-17 19:08:35","2026-03-17 19:29:37","105.449210000000000000","-2.9472730750","0.0000000000"
"43121472735797_8725725269458945_SPELL_USDT_PERP_S_6762069189","SPELL_USDT_PERP","short","2026-03-17 19:37:06","2026-03-17 20:09:36","91.146350100000000000","-2.9544267998","0.0000000000"
"43121472735797_8725725270310913_CHR_USDT_PERP_S_16814497418","CHR_USDT_PERP","short","2026-03-17 20:35:00","2026-03-17 20:38:48","33.898200000000000000","-2.9830416000","0.0000000000"
"43121472735797_8725725291544577_SLP_USDT_PERP_S_14623921624","SLP_USDT_PERP","short","2026-03-18 09:38:18","2026-03-18 10:11:36","132.916007800000000000","-2.9335415752","0.0000000000"
"43121472735797_8725725291216897_CROSS_USDT_PERP_S_16423321046","CROSS_USDT_PERP","short","2026-03-20 08:01:07","2026-03-20 08:01:46","-9.675890000000000000","-3.0048343950","0.0000000000"
"43121472735797_8725725294231553_BTR_USDT_PERP_S_12451815026","BTR_USDT_PERP","short","2026-03-20 15:25:42","2026-03-20 16:08:33","334.976470000000000000","-5.8322677650","0.3099875610"
"43121472735797_8725725278306305_VANRY_USDT_PERP_S_5402844224","VANRY_USDT_PERP","short","2026-03-20 17:59:10","2026-03-20 18:03:39","70.489649000000000000","-2.9647543035","0.0000000000"
"43121472735797_8725725291544577_SLP_USDT_PERP_S_14751980332","SLP_USDT_PERP","short","2026-03-20 15:07:45","2026-03-20 20:37:19","155.836189700000000000","-5.9220811509","0.2218221203"
"43121472735797_8725725295673345_STBL_USDT_PERP_S_10961498619","STBL_USDT_PERP","short","2026-03-20 21:40:16","2026-03-21 00:49:05","131.130350000000000000","-2.9344205250","0.1804536644"
"43121472735797_8725725289054209_AGT_USDT_PERP_S_20853309819","AGT_USDT_PERP","short","2026-03-20 16:26:53","2026-03-21 01:26:36","186.423513000000000000","-4.9895903907","2.7400264827"
"43121472735797_8725725294690305_PTB_USDT_PERP_S_11576427510","PTB_USDT_PERP","short","2026-03-21 08:15:05","2026-03-21 10:16:22","90.465089000000000000","-2.9547666045","0.0000000000"
"43121472735797_8725725265985537_RDNT_USDT_PERP_S_18753140178","RDNT_USDT_PERP","short","2026-03-21 08:44:08","2026-03-21 10:16:35","69.969900000000000000","-2.9650103300","0.0000000000"
"43121472735797_8725725296394241_ORDER_USDT_PERP_S_10349382687","ORDER_USDT_PERP","short","2026-03-21 10:23:26","2026-03-21 10:36:25","121.410520000000000000","-2.9392838600","0.0000000000"
"43121472735797_8725725269590017_HOOK_USDT_PERP_S_18109702430","HOOK_USDT_PERP","short","2026-03-21 11:03:36","2026-03-21 11:04:23","54.375000000000000000","-2.9728125000","0.0000000000"
"43121472735797_8725725296066561_BLESS_USDT_PERP_S_10016510099","BLESS_USDT_PERP","short","2026-03-14 09:19:13","2026-03-21 12:33:19","109.360430000000000000","-8.9453043250","24.5270267597"
"43121472735797_8725725299539969_FOLKS_USDT_PERP_S_7988150897","FOLKS_USDT_PERP","short","2026-03-21 12:39:15","2026-03-21 13:31:48","607.473100000000000000","-11.6960440500","0.0000000000"
"43121472735797_8725725269458945_SPELL_USDT_PERP_S_6779980486","SPELL_USDT_PERP","short","2026-03-21 12:58:48","2026-03-21 15:34:13","123.259400000000000000","-5.9383701905","0.0000000000"
"43121472735797_8725725287219201_BR_USDT_PERP_S_19875241689","BR_USDT_PERP","short","2026-03-21 08:15:32","2026-03-21 15:40:19","-325.881520000000000000","-6.1629259900","0.2421392628"
"43121472735797_8725725292003329_A2Z_USDT_PERP_S_14432189543","A2Z_USDT_PERP","short","2026-03-21 15:59:37","2026-03-21 16:04:38","160.570812000000000000","-2.9197144790","2.6980613878"
"43121472735797_8725725273849857_NTRN_USDT_PERP_S_16520365083","NTRN_USDT_PERP","short","2026-03-21 16:53:41","2026-03-21 18:15:14","83.177760000000000000","-2.9584079700","0.0000000000"
"43121472735797_8725725278371841_LRC_USDT_PERP_S_18652368626","LRC_USDT_PERP","short","2026-03-21 15:52:44","2026-03-21 20:10:16","48.642230000000000000","-2.9756632950","-6.2947610953"
"43121472735797_8725725285515265_VINE_USDT_PERP_S_16410327354","VINE_USDT_PERP","short","2026-03-21 10:50:00","2026-03-21 21:01:23","-88.235000000000000000","-2.1441105000","0.5307309653"
"43121472735797_8725725266837505_ANKR_USDT_PERP_S_17185254525","ANKR_USDT_PERP","short","2026-03-20 20:27:22","2026-03-21 21:43:44","-87.875143000000000000","-6.0439285505","-133.4512537851"
"43121472735797_8725725283024897_CETUS_USDT_PERP_S_21713055117","CETUS_USDT_PERP","short","2026-03-21 10:48:16","2026-03-21 22:09:14","-55.985460000000000000","-3.0279878300","0.3750467198"
"43121472735797_8725725302554625_MAGMA_USDT_PERP_S_4471473525","MAGMA_USDT_PERP","short","2026-03-21 17:13:43","2026-03-22 05:15:07","200.491460000000000000","-9.0494933200","10.5723218517"
"43121472735797_8725725274046465_DUSK_USDT_PERP_S_18373568916","DUSK_USDT_PERP","short","2026-03-22 09:14:21","2026-03-22 13:58:36","-216.645760000000000000","-13.3081394400","-32.8457082112"
"43121472735797_8725725298819073_ON_USDT_PERP_S_8000623829","ON_USDT_PERP","short","2026-03-08 10:30:11","2026-03-22 19:20:10","-1896.860240000000000000","-6.9483179700","52.5299159496"
"43121472735797_8725725298819073_ON_USDT_PERP_S_8853326618","ON_USDT_PERP","short","2026-03-22 19:35:06","2026-03-22 20:11:34","-1.134360000000000000","-0.5004955000","0.0429680208"
"43121472735797_8725725298819073_ON_USDT_PERP_S_8854842650","ON_USDT_PERP","short","2026-03-22 20:11:54","2026-03-22 20:17:31","-0.438220000000000000","-1.0001230200","0.0000000000"
"43121472735797_8725725284663297_VIRTUAL_USDT_PERP_S_17744220873","VIRTUAL_USDT_PERP","short","2026-03-23 11:16:48","2026-03-23 11:57:11","28.648530000000000000","-0.9856662150","0.0000000000"
"43121472735797_8725725274046465_DUSK_USDT_PERP_S_18439485027","DUSK_USDT_PERP","short","2026-03-23 11:48:55","2026-03-23 13:46:52","91.716830000000000000","-2.9541332250","-0.8265555753"
"43121472735797_8725725284663297_VIRTUAL_USDT_PERP_S_17750597821","VIRTUAL_USDT_PERP","short","2026-03-23 13:51:24","2026-03-23 13:52:19","-3.900000000000000000","-1.4719500000","0.0000000000"
"43121472735797_0_COTI_USDT_PERP_S_17584662966","COTI_USDT_PERP","short","2026-03-23 12:10:16","2026-03-23 14:19:56","-110.668310000000000000","-5.0553341350","0.0000000000"
"43121472735797_8725725286563841_KAITO_USDT_PERP_S_16947511920","KAITO_USDT_PERP","short","2026-03-23 06:50:36","2026-03-24 01:07:03","31.916410000000000000","-2.9117675550","0.5767858362"
"43121472735797_8725725291216897_CROSS_USDT_PERP_S_16622197571","CROSS_USDT_PERP","short","2026-03-23 16:33:16","2026-03-24 01:38:54","51.064230000000000000","-2.9744381050","0.3015388661"
"43121472735797_8725725296590849_OPENEDEN_USDT_PERP_S_10273982554","OPENEDEN_USDT_PERP","short","2026-03-23 11:55:21","2026-03-24 04:14:26","51.746590000000000000","-0.9741173450","0.2470651292"
"43121472735797_8725725278371841_LRC_USDT_PERP_S_18812978929","LRC_USDT_PERP","short","2026-03-24 08:51:58","2026-03-24 09:01:25","105.981820000000000000","-2.9469874200","0.0000000000"
"43121472735797_8725725275029505_ONG_USDT_PERP_S_18042177886","ONG_USDT_PERP","short","2026-03-24 10:33:52","2026-03-24 10:34:50","2.966020000000000000","-2.0985029270","0.0000000000"
"43121472735797_8725725273325569_ONT_USDT_PERP_S_17070294457","ONT_USDT_PERP","short","2026-03-24 09:51:42","2026-03-24 10:39:08","-688.888820000000000000","-3.8133329520","0.0000000000"
"43121472735797_8725725293903873_SAPIEN_USDT_PERP_S_13068250239","SAPIEN_USDT_PERP","short","2026-03-24 10:53:19","2026-03-24 13:11:20","57.803710000000000000","-2.9710433750","0.1161588244"
"43121472735797_8725725278371841_LRC_USDT_PERP_S_18826054305","LRC_USDT_PERP","short","2026-03-24 14:09:19","2026-03-24 14:09:36","-61.184240000000000000","-3.0305717800","0.0000000000"
"43121472735797_8725725278371841_LRC_USDT_PERP_S_18826113168","LRC_USDT_PERP","short","2026-03-24 14:10:45","2026-03-24 14:12:15","-108.375000000000000000","-3.0541840700","0.0000000000"
"43121472735797_8725725285056513_VELODROME_USDT_PERP_S_2541770477","VELODROME_USDT_PERP","short","2026-03-23 16:33:06","2026-03-24 14:13:18","53.776330000000000000","-2.9731071550","0.7706062241"
"43121472735797_8725725277454337_COTI_USDT_PERP_S_17589919163","COTI_USDT_PERP","short","2026-03-23 14:20:12","2026-03-24 14:13:34","56.971660000000000000","-2.9715034100","0.7257498630"
"43121472735797_8725725278371841_LRC_USDT_PERP_S_18826221746","LRC_USDT_PERP","short","2026-03-24 14:13:23","2026-03-24 14:18:23","44.782490000000000000","-0.9775900350","0.0000000000"
"43121472735797_8725725272080385_POWR_USDT_PERP_S_15500220273","POWR_USDT_PERP","short","2026-03-24 11:42:19","2026-03-24 16:45:30","12.886350000000000000","-2.9934924250","0.1396760044"
"43121472735797_8725725289775105_SYS_USDT_PERP_S_19617149155","SYS_USDT_PERP","short","2026-03-23 16:10:18","2026-03-24 22:10:36","-4.792780000000000000","-3.0023934500","1.0387005422"
"43121472735797_8725725282959361_HIPPO_USDT_PERP_S_14570452550","HIPPO_USDT_PERP","short","2026-03-25 10:24:06","2026-03-25 10:39:36","76.311600000000000000","-2.9618439750","0.0000000000"
"43121472735797_8725725282959361_HIPPO_USDT_PERP_S_14574992369","HIPPO_USDT_PERP","short","2026-03-25 12:20:14","2026-03-25 12:22:10","54.464775000000000000","-2.9727675625","0.0000000000"
"43121472735797_8725725305896961_MANTRA_USDT_PERP_S_1247253878","MANTRA_USDT_PERP","short","2026-03-25 14:25:17","2026-03-25 14:27:27","49.906820000000000000","-2.9750413600","0.0000000000"
"43121472735797_8725725270310913_CHR_USDT_PERP_S_17248334672","CHR_USDT_PERP","short","2026-03-25 16:00:26","2026-03-25 16:01:00","18.987300000000000000","-2.9904997500","0.0000000000"
"43121472735797_8725725298622465_BLUAI_USDT_PERP_S_6403550542","BLUAI_USDT_PERP","short","2026-03-25 18:02:46","2026-03-25 19:00:46","103.360963000000000000","-2.9483135995","0.0000000000"
"43121472735797_8725725298622465_BLUAI_USDT_PERP_S_6403776508","BLUAI_USDT_PERP","short","2026-03-25 19:07:08","2026-03-25 19:17:39","-47.632495000000000000","-3.0238115645","0.0000000000"
"43121472735797_8725725277323265_PIXEL_USDT_PERP_S_14471820274","PIXEL_USDT_PERP","short","2026-03-10 14:13:24","2026-03-26 07:28:41","-158.908480000000000000","-6.7404299350","-1016.2060432889"
"43121472735797_8725725264216065_XLM_USDT_PERP_S_22831364116","XLM_USDT_PERP","short","2026-03-23 16:15:49","2026-03-26 08:43:00","-5.605170000000000000","-6.0027145350","3.2108445513"
"43121472735797_8725725266640897_KNC_USDT_PERP_S_19267692781","KNC_USDT_PERP","short","2026-03-23 12:02:40","2026-03-26 10:37:36","-31.858400000000000000","-8.0157298000","-3.9320991529"
"43121472735797_8725725298819073_ON_USDT_PERP_S_8855085401","ON_USDT_PERP","short","2026-03-22 20:17:47","2026-03-26 14:06:32","-90.635580000000000000","-20.1155666700","2.0862740835"
"43121472735797_8725725301178369_BOB_USDT_PERP_S_7431237590","BOB_USDT_PERP","short","2026-03-26 15:08:42","2026-03-26 15:33:26","13.797346000000000000","-2.9930986200","0.0000000000"
"43121472735797_8725725266640897_KNC_USDT_PERP_S_19489583850","KNC_USDT_PERP","short","2026-03-27 07:14:31","2026-03-27 09:14:09","74.947800000000000000","-0.9623732000","-15.7865359639"
"43121472735797_8725725286105089_B3_USDT_PERP_S_14439815884","B3_USDT_PERP","short","2026-03-27 10:11:41","2026-03-27 11:04:33","-1836.444808000000000000","-198.0111064018","0.0000000000"
"43121472735797_8725725286105089_B3_USDT_PERP_S_14442247470","B3_USDT_PERP","short","2026-03-27 11:15:17","2026-03-27 15:50:01","145.603833000000000000","-0.9271980465","-25.4190045285"
"43121472735797_8725725298819073_ON_USDT_PERP_S_9146543095","ON_USDT_PERP","short","2026-03-27 18:13:35","2026-03-27 20:08:49","83.592850000000000000","-0.4580624750","-1.1967377511"
"43121472735797_8725725287284737_PARTI_USDT_PERP_S_15804967842","PARTI_USDT_PERP","short","2026-03-26 13:44:33","2026-03-28 10:44:13","-288.427750000000000000","-9.1440128250","6.1834259618"
"43121472735797_8725725273325569_ONT_USDT_PERP_S_17293663952","ONT_USDT_PERP","short","2026-03-28 12:24:14","2026-03-29 08:10:25","89.505600000000000000","-0.9552408000","-13.8057223290"
"43121472735797_8725725294231553_BTR_USDT_PERP_S_12976379980","BTR_USDT_PERP","short","2026-03-29 11:14:48","2026-03-29 11:48:36","75.126400000000000000","-0.9624344500","0.0000000000"
"43121472735797_8725725296656385_NOM_USDT_PERP_S_10397465496","NOM_USDT_PERP","short","2026-03-28 11:33:20","2026-03-29 12:47:20","-121.739203000000000000","-1.0608674745","-49.6851231608"
"43121472735797_8725725297770497_ZBT_USDT_PERP_S_9470798609","ZBT_USDT_PERP","short","2026-03-29 16:14:00","2026-03-29 16:15:44","44.942700000000000000","-0.9775164500","0.0000000000"
"43121472735797_8725725282172929_DIA_USDT_PERP_S_3423906839","DIA_USDT_PERP","short","2026-03-29 17:57:34","2026-03-29 18:19:17","48.791500000000000000","-0.9755584500","0.0000000000"
"43121472735797_8725725284073473_THE_USDT_PERP_S_2930946124","THE_USDT_PERP","short","2026-03-29 21:13:06","2026-03-29 21:16:51","5.000420000000000000","-0.9974923100","0.0000000000"
"43121472735797_8725725300064257_TRUTH_USDT_PERP_S_8132480613","TRUTH_USDT_PERP","short","2026-03-30 09:28:17","2026-03-30 09:28:31","-1.188975000000000000","-1.0005927795","0.0000000000"
"43121472735797_8725725300064257_TRUTH_USDT_PERP_S_8132673818","TRUTH_USDT_PERP","short","2026-03-30 09:32:58","2026-03-30 21:21:30","11.369184000000000000","-0.9943127810","0.1848515859"
"43121472735797_8725725281452033_TAIKO_USDT_PERP_S_3739510885","TAIKO_USDT_PERP","short","2026-03-31 06:58:55","2026-03-31 07:34:24","2.613950000000000000","-0.6952966250","0.0000000000"
"43121472735797_8725725277978625_DODO_USDT_PERP_S_5978476358","DODO_USDT_PERP","short","2026-04-01 05:41:35","2026-04-01 14:44:12","26.616822000000000000","-2.1279128504","-0.2567059488"
"43121472735797_8725725288464385_BANK_USDT_PERP_S_2420926013","BANK_USDT_PERP","short","2026-04-01 15:36:25","2026-04-01 15:56:07","72.359710000000000000","-0.9638023950","0.0000000000"
"43121472735797_8725725288464385_BANK_USDT_PERP_S_2422526484","BANK_USDT_PERP","short","2026-04-01 17:50:15","2026-04-01 17:53:43","-3.975950000000000000","-1.0019638250","0.0000000000"
"43121472735797_8725725282500609_GOAT_USDT_PERP_S_17916176769","GOAT_USDT_PERP","short","2026-03-30 08:57:55","2026-04-01 22:16:36","46.104270000000000000","-0.9769433150","0.7471407072"
"43121472735797_8725725288464385_BANK_USDT_PERP_S_2422820119","BANK_USDT_PERP","short","2026-04-01 18:02:34","2026-04-02 01:34:53","176.911270000000000000","-1.2566916250","0.1536272421"
"43121472735797_8725725274374145_XVS_USDT_PERP_S_5255453304","XVS_USDT_PERP","short","2026-03-30 14:07:00","2026-04-02 02:06:24","41.175300000000000000","-0.9791730500","0.7823732334"
"43121472735797_8725725298819073_ON_USDT_PERP_S_9483166808","ON_USDT_PERP","short","2026-04-02 09:59:02","2026-04-02 10:07:50","69.179860000000000000","-0.4653879800","0.0000000000"
"43121472735797_0_DOLO_USDT_PERP_S_14498498003","DOLO_USDT_PERP","short","2026-04-02 10:25:32","2026-04-02 10:40:53","58.560060000000000000","-0.9707057600","0.0000000000"
"43121472735797_8725725286760449_SOLV_USDT_PERP_S_15921593224","SOLV_USDT_PERP","short","2026-04-02 12:02:06","2026-04-02 12:05:14","63.763200000000000000","-0.4681152000","0.0000000000"
"43121472735797_8725725298819073_ON_USDT_PERP_S_9485644433","ON_USDT_PERP","short","2026-04-02 10:58:51","2026-04-02 12:19:30","37.794590000000000000","-0.4810512350","0.0333285357"
"43121472735797_8725725275815937_MOVR_USDT_PERP_S_5991247144","MOVR_USDT_PERP","short","2026-03-31 11:21:20","2026-04-02 15:34:00","62.154960000000000000","-1.9689152500","0.1463102693"
"43121472735797_8725725268738049_NMR_USDT_PERP_S_20269193444","NMR_USDT_PERP","short","2026-04-02 15:39:28","2026-04-02 15:47:25","0.497600000000000000","-0.4990306000","0.0000000000"
"43121472735797_8725725278765057_HFT_USDT_PERP_S_17461229535","HFT_USDT_PERP","short","2026-04-02 15:47:35","2026-04-02 16:44:36","25.400270000000000000","-0.4872857350","-0.0991370465"
"43121472735797_8725725288071169_PROMPT_USDT_PERP_S_15913779869","PROMPT_USDT_PERP","short","2026-04-02 19:14:35","2026-04-02 19:18:48","160.908880000000000000","-1.4195128800","0.0000000000"
"43121472735797_8725725288267777_STO_USDT_PERP_L_2789047042","STO_USDT_PERP","long","2026-04-02 19:30:45","2026-04-02 19:31:30","18.366760000000000000","-0.5090436900","0.0000000000"
"43121472735797_8725725293969409_XPL_USDT_PERP_S_13361051870","XPL_USDT_PERP","short","2026-04-02 19:39:43","2026-04-02 21:10:56","99.107500000000000000","-1.4503679500","0.0513572628"
"43121472735797_8725725301833729_POWER_USDT_PERP_S_6864483107","POWER_USDT_PERP","short","2026-04-02 12:11:38","2026-04-03 06:17:34","45.435990000000000000","-0.9772596550","0.3937270834"
"43121472735797_8725725278175233_AEVO_USDT_PERP_S_22683114294","AEVO_USDT_PERP","short","2026-04-03 09:31:13","2026-04-03 10:03:19","34.836043000000000000","-0.4825816545","0.0000000000"
"43121472735797_8725725275029505_ONG_USDT_PERP_S_18635435911","ONG_USDT_PERP","short","2026-04-03 09:58:57","2026-04-03 11:30:39","-39.242070000000000000","-11.0346761700","0.0000000000"
"43121472735797_8725725270507521_MAGIC_USDT_PERP_S_19892601812","MAGIC_USDT_PERP","short","2026-04-03 10:30:24","2026-04-03 13:14:21","52.132410000000000000","-0.9739282050","-3.1889122965"
"43121472735797_8725725288071169_PROMPT_USDT_PERP_S_15960783039","PROMPT_USDT_PERP","short","2026-04-03 14:15:18","2026-04-03 14:47:31","53.461020000000000000","-0.9732679200","0.0000000000"
"43121472735797_8725725276798977_ALT_USDT_PERP_S_19783919695","ALT_USDT_PERP","short","2026-04-03 17:31:00","2026-04-03 17:31:43","-3.698220000000000000","-2.5018458300","0.0000000000"
"43121472735797_8725725274963969_USTC_USDT_PERP_S_5833996303","USTC_USDT_PERP","short","2026-04-03 20:11:13","2026-04-03 21:19:23","25.797246000000000000","-0.9870999160","0.0000000000"
"43121472735797_8725725276798977_ALT_USDT_PERP_S_19783959398","ALT_USDT_PERP","short","2026-04-03 17:32:00","2026-04-03 21:35:29","11.144100000000000000","-0.4944265700","-4.3414219001"
"43121472735797_8725725282369537_PUFFER_USDT_PERP_S_3477856710","PUFFER_USDT_PERP","short","2026-04-03 21:42:03","2026-04-03 22:19:46","-58.041810000000000000","-1.0290133250","0.0000000000"
"43121472735797_8725725291806721_ESPORTS_USDT_PERP_S_14997251929","ESPORTS_USDT_PERP","short","2026-03-25 14:22:24","2026-04-04 12:48:26","-1861.699950000000000000","-193.8224881050","42.3759690326"
"43121472735797_8725725301571585_RLS_USDT_PERP_S_7295939507","RLS_USDT_PERP","short","2026-04-04 09:51:38","2026-04-04 15:44:42","15.395093000000000000","-0.4922989695","0.2714703021"
"43121472735797_8725725297442817_YB_USDT_PERP_S_10144888333","YB_USDT_PERP","short","2026-04-02 16:09:14","2026-04-05 13:27:00","57.744200000000000000","-1.4709256000","-17.4313842322"
"43121472735797_8725725274963969_USTC_USDT_PERP_S_5844249064","USTC_USDT_PERP","short","2026-04-05 14:27:36","2026-04-05 15:04:15","50.354486000000000000","-0.9748185590","0.0000000000"
"43121472735797_8725725269721089_TRU_USDT_PERP_S_6809140597","TRU_USDT_PERP","short","2026-04-05 17:38:35","2026-04-05 21:28:24","18.301290000000000000","-0.9908480750","0.0000000000"
"43121472735797_8725725289775105_SYS_USDT_PERP_S_20396410239","SYS_USDT_PERP","short","2026-04-06 08:41:13","2026-04-06 08:48:38","49.131100000000000000","-0.9754328000","0.0000000000"
"43121472735797_8725725291872257_TREE_USDT_PERP_S_15124472287","TREE_USDT_PERP","short","2026-04-06 07:26:10","2026-04-06 11:54:56","48.106300000000000000","-0.9759014500","-1.7028439915"
"43121472735797_8725725274898433_SUPER_USDT_PERP_S_6293074680","SUPER_USDT_PERP","short","2026-04-06 11:21:05","2026-04-06 12:08:36","30.091600000000000000","-0.9847414000","-4.1947326928"
"43121472735797_8725725301506049_IRYS_USDT_PERP_S_7492692909","IRYS_USDT_PERP","short","2026-04-02 11:24:56","2026-04-06 13:05:46","30.010410000000000000","-0.8349676650","1.1549735226"
"43121472735797_8725725273718785_BEL_USDT_PERP_S_18521791067","BEL_USDT_PERP","short","2026-04-06 08:30:01","2026-04-06 15:25:12","-2.845700000000000000","-0.8513259500","0.0000000000"
"43121472735797_8725725301178369_BOB_USDT_PERP_S_8083508351","BOB_USDT_PERP","short","2026-04-06 15:09:12","2026-04-06 15:27:09","70.345363000000000000","-0.9648229685","0.0000000000"
"43121472735797_8725725299539969_FOLKS_USDT_PERP_S_8969185123","FOLKS_USDT_PERP","short","2026-04-07 07:07:43","2026-04-07 09:15:33","25.916800000000000000","-0.4869631000","0.0282362439"
"43121472735797_8725725299539969_FOLKS_USDT_PERP_S_8984882702","FOLKS_USDT_PERP","short","2026-04-07 13:33:09","2026-04-07 13:50:02","40.735200000000000000","-0.3295848000","0.0000000000"
"43121472735797_8725725294886913_OPEN_USDT_PERP_S_12591678592","OPEN_USDT_PERP","short","2026-04-08 08:43:53","2026-04-08 08:49:15","41.306300000000000000","-0.4792230500","0.0000000000"
"43121472735797_8725725270114305_EDU_USDT_PERP_S_18760405620","EDU_USDT_PERP","short","2026-04-08 08:13:53","2026-04-08 08:58:05","39.740600000000000000","-0.4801219000","0.0000000000"
"43121472735797_8725725296328705_AKE_USDT_PERP_S_10949575159","AKE_USDT_PERP","short","2026-04-02 15:32:55","2026-04-08 15:00:30","0.079824600000000000","-0.9999599231","10.6603039156"
"43121472735797_8725725267230721_ENJ_USDT_PERP_S_6617680604","ENJ_USDT_PERP","short","2026-04-08 15:19:56","2026-04-08 15:22:01","11.642480000000000000","-0.4941783400","0.0000000000"
"43121472735797_8725725302554625_MAGMA_USDT_PERP_S_5535808813","MAGMA_USDT_PERP","short","2026-04-08 15:30:18","2026-04-08 15:35:47","-21.010040000000000000","-0.5104138800","0.0000000000"
"43121472735797_8725725285908481_GRIFFAIN_USDT_PERP_S_17446206529","GRIFFAIN_USDT_PERP","short","2026-04-08 14:14:25","2026-04-08 16:15:08","51.415820000000000000","-0.4742834800","0.3226759556"
"43121472735797_8725725291544577_SLP_USDT_PERP_S_15845609689","SLP_USDT_PERP","short","2026-04-08 17:09:58","2026-04-08 17:39:39","39.092284500000000000","-0.9804533235","0.0000000000"
"43121472735797_8725725303668737_FRAX_USDT_PERP_S_4932919135","FRAX_USDT_PERP","short","2026-04-08 17:44:27","2026-04-08 18:12:12","48.978900000000000000","-0.9753829500","0.0000000000"
"43121472735797_8725725292265473_TOWNS_USDT_PERP_S_15231767851","TOWNS_USDT_PERP","short","2026-04-08 18:07:29","2026-04-08 18:31:00","24.535190000000000000","-0.4877293760","0.0000000000"
"43121472735797_8725725286432769_SHELL_USDT_PERP_S_16724701467","SHELL_USDT_PERP","short","2026-04-09 17:53:07","2026-04-09 17:53:29","-0.151940000000000000","-0.5000567300","0.0000000000"
"43121472735797_8725725293182977_XNY_USDT_PERP_S_14725599823","XNY_USDT_PERP","short","2026-04-10 08:06:18","2026-04-10 08:32:44","101.933844000000000000","-0.9490298640","0.0000000000"
"43121472735797_8725725287612417_FUN_USDT_PERP_L_2505904764","FUN_USDT_PERP","long","2026-04-09 16:55:23","2026-04-10 09:39:53","50.426231000000000000","-0.5252125255","-0.1001493327"
"43121472735797_8725725261529089_COMP_USDT_PERP_S_28051865996","COMP_USDT_PERP","short","2026-04-10 10:46:18","2026-04-10 10:48:17","42.675900000000000000","-0.4786439100","0.0000000000"
"43121472735797_8725725302161409_RAVE_USDT_PERP_S_6910766116","RAVE_USDT_PERP","short","2026-04-10 11:08:54","2026-04-10 12:19:36","-32.202560000000000000","-10.9808124800","0.0588528437"
"43121472735797_8725725273456641_ILV_USDT_PERP_S_19691998143","ILV_USDT_PERP","short","2026-04-10 12:33:06","2026-04-10 12:34:04","-1.475600000000000000","-1.0003514000","0.0000000000"
"43121472735797_8725725281648641_HMSTR_USDT_PERP_S_17595777790","HMSTR_USDT_PERP","short","2026-04-10 12:24:37","2026-04-10 12:34:19","18.370071500000000000","-0.4908149104","0.0000000000"
"43121472735797_8725725302161409_RAVE_USDT_PERP_S_6913734248","RAVE_USDT_PERP","short","2026-04-10 12:20:05","2026-04-10 12:37:11","-15.798840000000000000","-5.4729553200","0.0000000000"
"43121472735797_8725725267558401_LPT_USDT_PERP_S_22696366474","LPT_USDT_PERP","short","2026-04-10 14:12:27","2026-04-10 16:28:14","10.440000000000000000","-0.4946472000","-2.6246778471"
"43121472735797_8725725279354881_TNSR_USDT_PERP_S_18327417889","TNSR_USDT_PERP","short","2026-04-09 06:46:48","2026-04-10 18:37:14","36.784007000000000000","-1.1802113269","-39.5826111059"
"43121472735797_8725725296525313_FF_USDT_PERP_S_11454298003","FF_USDT_PERP","short","2026-04-10 18:41:35","2026-04-10 18:47:04","-95.238560000000000000","-27.8759252000","0.0000000000"
"43121472735797_8725725282041857_CATI_USDT_PERP_S_21400038976","CATI_USDT_PERP","short","2026-04-10 20:59:20","2026-04-10 21:05:06","31.040750000000000000","-0.4844744750","0.0000000000"
"43121472735797_8725725274963969_USTC_USDT_PERP_S_5871569653","USTC_USDT_PERP","short","2026-04-10 21:25:58","2026-04-10 21:48:11","31.344991000000000000","-0.9843256755","0.0000000000"
"43121472735797_8725725267951617_CKB_USDT_PERP_S_20326335107","CKB_USDT_PERP","short","2026-04-11 00:04:47","2026-04-11 00:06:25","-3.932240000000000000","-0.5019655600","0.0000000000"
"43121472735797_8725725267951617_CKB_USDT_PERP_S_20326607015","CKB_USDT_PERP","short","2026-04-11 00:11:30","2026-04-11 00:12:55","-10.997491000000000000","-1.0054976855","0.0000000000"
"43121472735797_8725725267951617_CKB_USDT_PERP_S_20326683577","CKB_USDT_PERP","short","2026-04-11 00:13:24","2026-04-11 00:19:53","5.611327000000000000","-0.4971931055","0.0000000000"
"43121472735797_8725725297377281_MET_USDT_PERP_S_10655040524","MET_USDT_PERP","short","2026-04-11 11:40:59","2026-04-11 11:51:17","31.066200000000000000","-0.4843503000","0.0000000000"
"43121472735797_8725725291151361_AIN_USDT_PERP_S_17743232735","AIN_USDT_PERP","short","2026-04-11 14:28:04","2026-04-11 14:45:42","25.141310000000000000","-0.4874132750","0.0000000000"
"43121472735797_8725725294821377_TAKE_USDT_PERP_S_13051812777","TAKE_USDT_PERP","short","2026-04-11 14:58:36","2026-04-11 15:30:28","-4.221950000000000000","-0.6887272480","0.0000000000"
"43121472735797_8725725296001025_TRADOOR_USDT_PERP_L_11851169804","TRADOOR_USDT_PERP","long","2026-04-11 16:11:54","2026-04-11 16:16:23","51.176000000000000000","-0.3557178000","0.0000000000"
"43121472735797_8725725276274689_MANTA_USDT_PERP_S_18603782631","MANTA_USDT_PERP","short","2026-04-11 18:17:20","2026-04-11 18:27:15","51.422776000000000000","-0.9742882700","0.0000000000"
"43121472735797_8725725290299393_SPK_USDT_PERP_L_19768055939","SPK_USDT_PERP","long","2026-04-10 22:06:31","2026-04-11 19:36:31","1.842370000000000000","-1.0009131450","-0.0834835796"
"43121472735797_0_PHB_USDT_PERP_S_19087475939","PHB_USDT_PERP","short","2026-04-11 21:39:16","2026-04-11 21:43:54","38.834000000000000000","-0.9805582000","0.0000000000"
"43121472735797_8725725300588545_BANANAS31_USDT_PERP_L_8481842769","BANANAS31_USDT_PERP","long","2026-04-11 16:50:09","2026-04-12 01:33:51","-61.875328000000000000","-0.6690563552","-0.1825797594"
"43121472735797_8725725296328705_AKE_USDT_PERP_S_11365863584","AKE_USDT_PERP","short","2026-04-09 17:36:28","2026-04-12 02:49:56","121.769954000000000000","-1.2891141136","3.1463247731"
"43121472735797_8725725302161409_RAVE_USDT_PERP_S_6938914254","RAVE_USDT_PERP","short","2026-04-10 22:20:34","2026-04-12 06:51:06","-47.830830000000000000","-2.4606735150","-0.9365131154"
"43121472735797_8725725273260033_STG_USDT_PERP_S_5252590574","STG_USDT_PERP","short","2026-04-12 08:11:49","2026-04-12 08:40:40","-7.872600000000000000","-1.0037977000","0.0000000000"
"43121472735797_8725725289775105_SYS_USDT_PERP_S_20643779561","SYS_USDT_PERP","short","2026-04-12 09:22:48","2026-04-12 09:46:42","82.503550000000000000","-1.1581412610","0.0000000000"
"43121472735797_8725725302358017_IR_USDT_PERP_S_6588659253","IR_USDT_PERP","short","2026-04-12 09:54:12","2026-04-12 10:27:48","87.478500000000000000","-0.6697415180","0.0000000000"
"43121472735797_8725725296001025_TRADOOR_USDT_PERP_S_11896790870","TRADOOR_USDT_PERP","short","2026-04-12 10:51:52","2026-04-12 10:52:02","0.867000000000000000","-0.4967505000","0.0000000000"
"43121472735797_8725725293182977_XNY_USDT_PERP_S_14851732220","XNY_USDT_PERP","short","2026-04-12 11:06:24","2026-04-12 11:13:33","10.867105000000000000","-0.4945639215","0.0000000000"
"43121472735797_8725725282041857_CATI_USDT_PERP_S_21500609652","CATI_USDT_PERP","short","2026-04-12 13:39:03","2026-04-12 14:24:59","36.117480000000000000","-0.4819270200","0.0000000000"
"43121472735797_8725725291151361_AIN_USDT_PERP_S_17753006921","AIN_USDT_PERP","short","2026-04-11 18:25:01","2026-04-12 14:47:58","-33.391200000000000000","-1.0665917480","6.6566855532"
"43121472735797_8725725302161409_RAVE_USDT_PERP_S_7040386298","RAVE_USDT_PERP","short","2026-04-12 15:01:19","2026-04-12 15:01:37","-0.168640000000000000","-0.0980672200","0.0000000000"
"43121472735797_8725725295738881_ZEROG_USDT_PERP_S_12210909346","ZEROG_USDT_PERP","short","2026-04-12 16:13:29","2026-04-12 17:02:45","37.104900000000000000","-0.4809093500","0.0000000000"
"43121472735797_8725725265723393_PHB_USDT_PERP_S_19134502188","PHB_USDT_PERP","short","2026-04-12 17:21:32","2026-04-12 17:29:03","50.928400000000000000","-0.9745115000","0.0000000000"
"43121472735797_8725725296001025_TRADOOR_USDT_PERP_S_11896805261","TRADOOR_USDT_PERP","short","2026-04-12 10:52:14","2026-04-12 17:37:02","-46.428000000000000000","-7.4357145000","1.1697178342"
"43121472735797_8725725305896961_MANTRA_USDT_PERP_S_2185193086","MANTRA_USDT_PERP","short","2026-04-12 18:29:53","2026-04-12 18:49:28","51.624170000000000000","-0.9741786250","0.0000000000"
"43121472735797_8725725265723393_PHB_USDT_PERP_S_19135787304","PHB_USDT_PERP","short","2026-04-12 17:53:30","2026-04-12 19:01:02","53.044200000000000000","-0.9734413000","0.0000000000"
"43121472735797_8725725285711873_TST_USDT_PERP_S_2390632846","TST_USDT_PERP","short","2026-04-13 08:11:58","2026-04-13 08:20:07","24.199440000000000000","-0.4878989000","0.0000000000"
"43121472735797_8725725295083521_HOLO_USDT_PERP_S_12652164178","HOLO_USDT_PERP","short","2026-04-13 11:08:46","2026-04-13 13:38:09","-9.371480000000000000","-1.0046441200","-3.9882417254"
"43121472735797_8725725299539969_FOLKS_USDT_PERP_S_9336025665","FOLKS_USDT_PERP","short","2026-04-13 15:16:58","2026-04-13 15:44:29","55.324800000000000000","-0.9722541000","0.0000000000"
"43121472735797_8725725285711873_TST_USDT_PERP_S_2393397160","TST_USDT_PERP","short","2026-04-13 16:24:18","2026-04-13 16:58:21","65.301900000000000000","-1.3173429750","0.0000000000"
"43121472735797_8725725287153665_TUT_USDT_PERP_S_2352413418","TUT_USDT_PERP","short","2026-04-13 18:09:27","2026-04-13 22:32:16","-15.181060000000000000","-0.5075799900","0.0244473033"
"43121472735797_8725725288267777_STO_USDT_PERP_S_3022881795","STO_USDT_PERP","short","2026-04-14 16:07:28","2026-04-14 16:13:03","16.137860000000000000","-0.9918486400","0.0000000000"
"43121472735797_8725725294428161_HEMI_USDT_PERP_S_13663392205","HEMI_USDT_PERP","short","2026-04-14 16:39:45","2026-04-14 17:30:07","108.845750000000000000","-1.4455653950","0.0000000000"
"43121472735797_8725725304258561_FIGHT_USDT_PERP_S_4572709891","FIGHT_USDT_PERP","short","2026-04-12 21:44:45","2026-04-14 17:58:31","-8.221543000000000000","-1.0041106785","0.6359022804"
"43121472735797_8725725299408897_TRUST_USDT_PERP_S_9293232689","TRUST_USDT_PERP","short","2026-04-15 06:39:03","2026-04-15 08:07:42","50.674500000000000000","-0.9746487500","-0.7629096914"
"43121472735797_8725725281189889_MBOX_USDT_PERP_S_16141681758","MBOX_USDT_PERP","short","2026-04-15 12:42:11","2026-04-15 13:12:25","53.949370000000000000","-2.1506396210","0.0000000000"
"43121472735797_8725725277192193_DYM_USDT_PERP_S_18481561197","DYM_USDT_PERP","short","2026-04-15 15:00:38","2026-04-15 15:22:17","54.442440000000000000","-0.8255027325","0.0000000000"
"43121472735797_8725725276209153_METIS_USDT_PERP_S_19907781807","METIS_USDT_PERP","short","2026-04-17 06:54:27","2026-04-18 07:38:27","105.169970000000000000","-1.9473631850","-32.0421952937"
"43121472735797_8725725292265473_TOWNS_USDT_PERP_S_15376085305","TOWNS_USDT_PERP","short","2026-04-18 14:57:01","2026-04-18 15:03:04","51.589972000000000000","-0.9742016640","0.0000000000"
"43121472735797_8725725282697217_SCR_USDT_PERP_S_17958869435","SCR_USDT_PERP","short","2026-04-18 17:51:48","2026-04-18 18:05:36","51.569860000000000000","-0.9742000100","0.0000000000"
"43121472735797_8725725281124353_DOGS_USDT_PERP_S_17736339275","DOGS_USDT_PERP","short","2026-04-19 16:11:09","2026-04-19 16:23:16","49.367085300000000000","-0.4753164239","0.0000000000"
"43121472735797_8725725282697217_SCR_USDT_PERP_S_17972038004","SCR_USDT_PERP","short","2026-04-20 13:54:28","2026-04-20 13:56:37","-0.211410000000000000","-0.1000791450","0.0000000000"
"43121472735797_8725725297377281_MET_USDT_PERP_S_10965481662","MET_USDT_PERP","short","2026-04-21 18:34:54","2026-04-22 02:52:18","208.482600000000000000","-1.2815769100","-0.0142733162"
"43121472735797_8725725279879169_BB_USDT_PERP_S_18987307972","BB_USDT_PERP","short","2026-04-23 11:10:55","2026-04-23 12:29:02","41.412360000000000000","-0.4792649400","-0.8792270879"
"43121472735797_8725725299539969_FOLKS_USDT_PERP_S_9536316618","FOLKS_USDT_PERP","short","2026-04-24 07:32:37","2026-04-24 12:52:07","77.909100000000000000","-0.6609366700","1.0457919428"
"43121472735797_8725725278175233_AEVO_USDT_PERP_S_23389035043","AEVO_USDT_PERP","short","2026-04-24 16:39:13","2026-04-24 17:07:28","84.348834000000000000","-0.9578243070","0.0000000000"
"43121472735797_8725725277388801_STRK_USDT_PERP_S_19252601581","STRK_USDT_PERP","short","2026-04-22 17:31:21","2026-04-24 21:31:22","55.118760000000000000","-0.8224376600","0.3365015841"
"43121472735797_8725725267623937_RUNE_USDT_PERP_S_17773432817","RUNE_USDT_PERP","short","2026-04-22 07:38:44","2026-04-24 21:50:07","46.800000000000000000","-0.9764000000","0.1720058790"
"43121472735797_8725725296001025_TRADOOR_USDT_PERP_L_12101976597","TRADOOR_USDT_PERP","long","2026-04-24 22:34:12","2026-04-24 22:35:29","-0.680000000000000000","-0.9993160000","0.0000000000"
"43121472735797_8725725291544577_SLP_USDT_PERP_S_16019199697","SLP_USDT_PERP","short","2026-04-25 08:37:43","2026-04-25 08:50:57","91.802768900000000000","-1.9540979407","0.0000000000"
"43121472735797_8725725277192193_DYM_USDT_PERP_S_18537670121","DYM_USDT_PERP","short","2026-04-24 17:16:48","2026-04-25 10:29:02","93.995441000000000000","-1.6529992375","-1.2259305675"
"43121472735797_8725725291544577_SLP_USDT_PERP_S_16019532490","SLP_USDT_PERP","short","2026-04-25 09:32:18","2026-04-25 10:32:08","97.072750500000000000","-1.9514629840","0.0000000000"
"43121472735797_8725725282172929_DIA_USDT_PERP_S_3547846221","DIA_USDT_PERP","short","2026-04-24 17:38:54","2026-04-25 10:37:00","49.510300000000000000","-0.9751466500","0.1897033349"
"43121472735797_8725725270900737_BIGTIME_USDT_PERP_S_25572546514","BIGTIME_USDT_PERP","short","2026-04-25 09:11:09","2026-04-25 11:07:37","48.812620000000000000","-0.9755927700","0.0000000000"
"43121472735797_8725725270376449_GMT_USDT_PERP_S_21512127042","GMT_USDT_PERP","short","2026-04-25 11:17:05","2026-04-25 12:39:35","90.395200000000000000","-1.9547962000","0.0219779435"
"43121472735797_8725725286825985_ORCA_USDT_PERP_S_13976389816","ORCA_USDT_PERP","short","2026-04-25 14:04:14","2026-04-25 14:05:28","113.334000000000000000","-1.9432422000","0.0000000000"
"43121472735797_8725725297639425_ENSO_USDT_PERP_S_10813672265","ENSO_USDT_PERP","short","2026-04-25 14:05:05","2026-04-25 14:08:35","52.512660000000000000","-1.9736691100","0.0000000000"
"43121472735797_8725725263757313_GALA_USDT_PERP_S_20727765911","GALA_USDT_PERP","short","2026-04-25 09:21:48","2026-04-25 15:21:42","87.431680000000000000","-1.9562838400","0.0000000000"
"43121472735797_8725725300523009_SENT_USDT_PERP_S_8507651148","SENT_USDT_PERP","short","2026-04-23 19:39:18","2026-04-25 16:19:16","48.000000000000000000","-0.6760000000","-1.0491688062"
"43121472735797_8725725294559233_LINEA_USDT_PERP_S_13443486580","LINEA_USDT_PERP","short","2026-04-25 10:41:35","2026-04-25 16:33:25","83.801727000000000000","-1.9580973445","-0.4122788561"
"43121472735797_8725725283024897_CETUS_USDT_PERP_S_23205294133","CETUS_USDT_PERP","short","2026-04-25 14:21:18","2026-04-25 16:34:03","80.523130000000000000","-1.9597305150","0.0816647103"
"43121472735797_8725725288595457_PLUME_USDT_PERP_S_2214559285","PLUME_USDT_PERP","short","2026-04-25 15:32:48","2026-04-25 17:12:53","87.523580000000000000","-1.9562249000","-0.0458557047"
"43121472735797_8725725294428161_HEMI_USDT_PERP_S_13766056257","HEMI_USDT_PERP","short","2026-04-25 19:36:54","2026-04-25 20:16:28","-14.380040000000000000","-1.4101187500","-3.0909899122"
"43121472735797_8725725296001025_TRADOOR_USDT_PERP_L_12101984642","TRADOOR_USDT_PERP","long","2026-04-24 22:35:41","2026-04-25 23:03:06","-47.520000000000000000","-5.1737400000","-0.9526311543"
"43121472735797_8725725267951617_CKB_USDT_PERP_S_20784823610","CKB_USDT_PERP","short","2026-04-26 07:52:29","2026-04-26 07:57:42","95.206741000000000000","-1.6523946855","0.0000000000"
"43121472735797_8725725263101953_INJ_USDT_PERP_S_26589624144","INJ_USDT_PERP","short","2026-04-26 07:21:18","2026-04-26 08:40:39","42.372000000000000000","-0.9787932000","-2.9836349217"
"43121472735797_8725725297770497_ZBT_USDT_PERP_S_10461300885","ZBT_USDT_PERP","short","2026-04-26 07:17:53","2026-04-26 09:24:17","78.427600000000000000","-1.9606775000","0.0996990061"
"43121472735797_8725725288202241_WCT_USDT_PERP_S_2442051697","WCT_USDT_PERP","short","2026-04-25 18:42:02","2026-04-26 10:30:06","56.761890000000000000","-1.9715681550","0.2550284067"
"43121472735797_8725725262643201_MASK_USDT_PERP_S_29871275958","MASK_USDT_PERP","short","2026-04-26 08:00:45","2026-04-26 16:47:21","11.188900000000000000","-2.9933858500","-12.4273623893"
"43121472735797_8725725262774273_LDO_USDT_PERP_S_25919853220","LDO_USDT_PERP","short","2026-04-26 17:37:39","2026-04-27 06:03:38","94.329900000000000000","-1.9524466500","0.0172238617"
"43121472735797_8725725279289345_BICO_USDT_PERP_S_22494613624","BICO_USDT_PERP","short","2026-04-23 17:08:51","2026-04-27 11:31:18","1.345770000000000000","-1.9992935350","-2.5595367966"
"43121472735797_8725725303668737_FRAX_USDT_PERP_S_5110843841","FRAX_USDT_PERP","short","2026-04-25 18:49:35","2026-04-27 13:23:21","49.397700000000000000","-1.9750728500","-0.0416625221"
"43121472735797_8725725266116609_WOO_USDT_PERP_S_22401868421","WOO_USDT_PERP","short","2026-04-25 20:31:08","2026-04-27 13:23:24","47.951830000000000000","-1.9760214150","-1.3435915376"
"43121472735797_8725725284990977_SWARMS_USDT_PERP_S_16921094657","SWARMS_USDT_PERP","short","2026-04-07 13:16:54","2026-04-27 15:29:54","-1508.329290000000000000","-2.6041469350","20.3985281230"
"43121472735797_8725725270704129_SSV_USDT_PERP_S_22421723639","SSV_USDT_PERP","short","2026-04-25 11:11:39","2026-04-27 20:32:38","11.090110000000000000","-1.9944520050","0.9021679083"
"43121472735797_8725725264543745_SFP_USDT_PERP_S_5956146245","SFP_USDT_PERP","short","2026-04-27 17:28:37","2026-04-28 02:49:01","104.737100000000000000","-1.9475351500","-0.0295217070"
"43112881807336_20_SWARMS_USDT_PERP_S_17411473910","SWARMS_USDT_PERP","short","2026-04-28 08:10:18","2026-04-29 05:01:32","17.122800000000000000","-0.4252532400","0.0568387220"
"43112881807336_20_SWARMS_USDT_PERP_S_17417070845","SWARMS_USDT_PERP","short","2026-04-29 05:17:32","2026-04-29 05:30:19","0.006600000000000000","-0.0004417200","0.0000000000"
"43121472735797_8725725298688001_TURTLE_USDT_PERP_S_10296151330","TURTLE_USDT_PERP","short","2026-04-27 06:29:07","2026-04-29 06:53:37","-15.678360000000000000","-2.0077945700","0.5466763183"
"43112881807336_19_IRYS_USDT_PERP_S_8250273071","IRYS_USDT_PERP","short","2026-04-21 18:15:44","2026-04-29 07:09:14","-13.842330000000000000","-5.7474677830","10.1519742805"
"43121472735797_8725725285056513_VELODROME_USDT_PERP_S_2710140885","VELODROME_USDT_PERP","short","2026-04-28 07:33:40","2026-04-29 18:37:05","0.162600000000000000","-1.9999042400","0.9256973992"
"43112881807336_24_MITO_USDT_PERP_S_13877392091","MITO_USDT_PERP","short","2026-04-29 19:12:01","2026-04-29 19:15:44","-1.705380000000000000","-0.4688065000","0.0000000000"
"43121472735797_8725725274505217_LUNC_USDT_PERP_S_6826464523","LUNC_USDT_PERP","short","2026-04-27 06:35:45","2026-04-29 20:32:28","-312.606629690000000000","-2.1563033018","-3.4622184154"
"43112881807336_21_RIF_USDT_PERP_S_17945710300","RIF_USDT_PERP","short","2026-04-29 07:30:41","2026-04-30 19:39:48","5.878630000000000000","-0.8810664160","0.2511786001"
"43112881807336_20_SWARMS_USDT_PERP_S_17417149196","SWARMS_USDT_PERP","short","2026-04-29 05:36:06","2026-05-01 17:01:30","-23.727160000000000000","-1.8456407100","1.5929393782"
"43112881807336_28_AIXBT_USDT_PERP_S_24581990174","AIXBT_USDT_PERP","short","2026-05-01 05:22:20","2026-05-01 17:32:09","36.501570000000000000","-1.4451033240","0.1207207109"
"43112881807336_27_IRYS_USDT_PERP_S_8304022645","IRYS_USDT_PERP","short","2026-04-29 20:21:18","2026-05-01 20:59:40","-142.516880000000000000","-2.1242934840","2.8749878747"
"43121472735797_8725725282304001_ATH_USDT_PERP_S_22844714695","ATH_USDT_PERP","short","2026-05-04 09:08:09","2026-05-04 09:30:22","1.895460000000000000","-1.9990506000","0.0000000000"
"43112881807336_25_MITO_USDT_PERP_S_13877413455","MITO_USDT_PERP","short","2026-04-29 19:17:02","2026-05-04 09:32:16","7.831120000000000000","-9.9309477830","0.7532400087"
"43121472735797_8725725306486785_CFG_USDT_PERP_S_1766673453","CFG_USDT_PERP","short","2026-05-05 14:35:02","2026-05-05 14:42:39","-16.810400000000000000","-2.0083549000","0.0000000000"
"43121472735797_8725725296721921_TWOZ_USDT_PERP_S_11708095958","TWOZ_USDT_PERP","short","2026-05-06 14:12:44","2026-05-06 20:47:29","20.527520000000000000","-1.9896583300","-0.0860648869"
"43121472735797_8725725285187585_S_USDT_PERP_S_17618936805","S_USDT_PERP","short","2026-05-07 06:54:21","2026-05-07 14:41:36","94.669260000000000000","-1.9526529300","0.1619034176"
"43112881807336_30_NEAR_USDT_PERP_S_21135164778","NEAR_USDT_PERP","short","2026-05-06 19:41:05","2026-05-07 15:07:00","3.692000000000000000","-0.2956446000","0.0266336138"
"43121472735797_8725725285187585_S_USDT_PERP_S_17626324561","S_USDT_PERP","short","2026-05-08 17:24:48","2026-05-09 14:03:01","83.780460000000000000","-1.9580902200","0.4425239628"
"43121472735797_8725725284925441_ALCH_USDT_PERP_S_23537234173","ALCH_USDT_PERP","short","2026-05-10 18:01:45","2026-05-10 18:03:29","-55.383030000000000000","-0.7276915150","0.0000000000"
"43112881807336_31_NOT_USDT_PERP_S_19609946233","NOT_USDT_PERP","short","2026-05-08 20:09:31","2026-05-12 14:28:23","118.222345500000000000","-1.6692989476","-0.2852069166"
"43121472735797_8725725263757313_GALA_USDT_PERP_S_20782183998","GALA_USDT_PERP","short","2026-05-07 10:48:03","2026-05-12 14:51:03","52.770400000000000000","-1.9736129600","1.8358905347"
"43121472735797_8725725300064257_TRUTH_USDT_PERP_S_9241556270","TRUTH_USDT_PERP","short","2026-05-12 15:12:26","2026-05-12 16:04:58","4.894749000000000000","-0.0975508245","0.0437462386"
"43121472735797_8725725279158273_SAGA_USDT_PERP_S_18258473963","SAGA_USDT_PERP","short","2026-05-12 15:11:22","2026-05-12 21:52:23","147.743534000000000000","-0.7261261130","0.0037304015"
"43121472735797_8725725289775105_SYS_USDT_PERP_L_21063682460","SYS_USDT_PERP","long","2026-05-13 08:08:03","2026-05-13 08:08:33","1.142100000000000000","-0.1005682500","0.0000000000"
"43121472735797_8725725263101953_INJ_USDT_PERP_S_26728686163","INJ_USDT_PERP","short","2026-05-13 12:23:54","2026-05-14 14:24:38","125.929400000000000000","-0.9369113000","-1.3153435804"
"43121472735797_8725725277978625_DODO_USDT_PERP_S_6223418657","DODO_USDT_PERP","short","2026-05-14 15:27:55","2026-05-14 17:02:25","102.362188000000000000","-0.9488078710","-0.5407868301"
"43121472735797_8725725300064257_TRUTH_USDT_PERP_S_9250569993","TRUTH_USDT_PERP","short","2026-05-13 06:56:14","2026-05-14 19:37:53","175.509543000000000000","-1.9122130265","3.5932770068"
"43121472735797_8725725282828289_REZ_USDT_PERP_S_14895622035","REZ_USDT_PERP","short","2026-05-07 14:51:39","2026-05-15 08:54:47","45.731655000000000000","-1.9771318845","-0.0175366595"
"43121472735797_8725725294362625_MITO_USDT_PERP_S_13866617095","MITO_USDT_PERP","short","2026-04-27 19:00:53","2026-05-15 16:31:32","84.525930000000000000","-3.0444804620","-18.3337455463"
"43121472735797_8725725297704961_RECALL_USDT_PERP_S_10673002967","RECALL_USDT_PERP","short","2026-05-16 18:04:02","2026-05-18 02:59:02","100.950900000000000000","-0.4494901500","0.1895932932"
"43121472735797_8725725296590849_OPENEDEN_USDT_PERP_S_11849302362","OPENEDEN_USDT_PERP","short","2026-05-17 14:34:36","2026-05-18 16:39:25","168.191030000000000000","-0.9158926450","-12.2048140133"
"43121472735797_8725725301506049_IRYS_USDT_PERP_S_7795442598","IRYS_USDT_PERP","short","2026-04-07 14:24:10","2026-05-18 20:32:27","436.203250000000000000","-4.3933321030","-730.7123717119"
"43121472735797_8725725284859905_COOKIE_USDT_PERP_S_17567991747","COOKIE_USDT_PERP","short","2026-05-18 13:10:03","2026-05-19 12:06:28","104.626240000000000000","-0.9476824000","-0.1899882635"
"43121472735797_8725725292199937_PROVE_USDT_PERP_S_15784377086","PROVE_USDT_PERP","short","2026-05-21 12:11:07","2026-05-21 20:53:06","24.331590000000000000","-0.9878325150","-11.5708081147"
"43121472735797_8725725270376449_GMT_USDT_PERP_S_21786547848","GMT_USDT_PERP","short","2026-05-23 07:01:10","2026-05-24 14:17:19","101.787000000000000000","-0.9491055000","-27.6524446412"
"43121472735797_8725725287022593_NIL_USDT_PERP_S_15219400112","NIL_USDT_PERP","short","2026-05-25 18:01:04","2026-05-26 06:45:15","189.816007000000000000","-0.9050876405","0.0686962367"
"43112881807336_29_TON_USDT_PERP_S_23351496617","TON_USDT_PERP","short","2026-05-05 09:32:20","2026-05-26 06:57:04","92.890140000000000000","-19.7266857480","-0.6660088140"
"43121472735797_8725725304258561_FIGHT_USDT_PERP_S_4838087969","FIGHT_USDT_PERP","short","2026-05-19 13:33:20","2026-05-26 08:44:05","104.550946000000000000","-1.9477203370","5.1577206411"
"43121472735797_8725725283811329_KAIA_USDT_PERP_S_15677712314","KAIA_USDT_PERP","short","2026-05-18 06:57:36","2026-05-26 09:43:39","72.395400000000000000","-0.9637990200","1.9432512415"
"43121472735797_8725725284794369_PHA_USDT_PERP_S_15615038885","PHA_USDT_PERP","short","2026-05-26 16:38:14","2026-05-27 11:12:43","116.715310000000000000","-0.9415988950","-0.6912494629"
"43121472735797_8725725276405761_ONDO_USDT_PERP_S_21677565394","ONDO_USDT_PERP","short","2026-05-25 07:34:52","2026-05-27 19:26:29","95.495400000000000000","-0.9522255600","0.3528796864"
"43121472735797_8725725291806721_ESPORTS_USDT_PERP_L_16588947448","ESPORTS_USDT_PERP","long","2026-05-27 14:26:18","2026-05-27 21:56:23","-45.625590000000000000","-5.2337296350","-1.8006727092"
"43121472735797_8725725265592321_WLD_USDT_PERP_S_27819706440","WLD_USDT_PERP","short","2026-05-26 09:30:45","2026-05-28 03:18:18","129.689000000000000000","-0.9349641000","0.1693124632"
"43121472735797_8725725296590849_OPENEDEN_USDT_PERP_S_11861699240","OPENEDEN_USDT_PERP","short","2026-05-19 07:21:43","2026-05-28 06:28:08","55.856510000000000000","-4.0719305550","-48.4507274890"
"43121472735797_8725725302423553_LIGHTER_USDT_PERP_S_6845383092","LIGHTER_USDT_PERP","short","2026-05-20 06:47:42","2026-05-28 13:40:32","101.056500000000000000","-0.9493539500","2.2059051877"
"43121472735797_8725725282566145_GRASS_USDT_PERP_S_20721882885","GRASS_USDT_PERP","short","2026-05-24 07:07:12","2026-05-29 12:03:43","114.320200000000000000","-0.9425380000","1.6135743224"
"43121472735797_8725725277716481_PORTAL_USDT_PERP_S_17087749473","PORTAL_USDT_PERP","short","2026-05-31 17:04:02","2026-05-31 23:36:42","-970.285300000000000000","-39.9056741020","0.0459235310"
"43121472735797_8725725299867649_ALLO_USDT_PERP_S_5432106784","ALLO_USDT_PERP","short","2026-05-29 12:07:41","2026-06-01 06:51:28","141.259100000000000000","-0.4291269500","-0.1473419438"
"43121472735797_8725725277716481_PORTAL_USDT_PERP_S_17098706069","PORTAL_USDT_PERP","short","2026-06-01 04:50:25","2026-06-01 16:01:13","503.175071000000000000","-0.7484061975","-0.9628355772"
"43121472735797_8725725303865345_DEAGENTAI_USDT_PERP_S_5368018911","DEAGENTAI_USDT_PERP","short","2026-06-03 07:45:38","2026-06-03 08:15:39","76.324830000000000000","-0.4617969450","0.0234317780"
"43121472735797_8725725273260033_STG_USDT_PERP_S_5510074988","STG_USDT_PERP","short","2026-06-01 22:01:55","2026-06-03 08:18:33","123.735200000000000000","-0.9380533000","-1.1708494571"
"43121472735797_8725725291610113_ZORA_USDT_PERP_S_16877169343","ZORA_USDT_PERP","short","2026-06-03 10:12:25","2026-06-03 13:50:54","126.496500000000000000","-0.9367477500","0.0468945355"
"43121472735797_8725725270573057_AR_USDT_PERP_S_28657163569","AR_USDT_PERP","short","2026-06-03 15:55:27","2026-06-04 02:02:11","102.438500000000000000","-0.9486272500","0.1978157156"
"43121472735797_8725725266575361_NEAR_USDT_PERP_S_21323365186","NEAR_USDT_PERP","short","2026-06-03 10:34:17","2026-06-04 08:43:44","200.680000000000000000","-0.8975240000","0.0452600059"
"43121472735797_8725725302423553_LIGHTER_USDT_PERP_S_6989610415","LIGHTER_USDT_PERP","short","2026-06-03 10:20:27","2026-06-04 21:19:06","134.814400000000000000","-0.9325449000","0.2463017716"
"43112881807336_26_LUNC_USDT_PERP_S_6854901031","LUNC_USDT_PERP","short","2026-04-29 20:11:31","2026-06-05 09:49:42","15.609065840000000000","-11.6955011373","-23.6057402997"
"43121472735797_8725725305176065_OPN_USDT_PERP_S_3262981025","OPN_USDT_PERP","short","2026-06-03 17:11:32","2026-06-05 16:44:01","133.280200000000000000","-0.9332207000","1.9111914807"
"43121472735797_8725725272014849_RIF_USDT_PERP_S_18281805527","RIF_USDT_PERP","short","2026-06-02 12:16:18","2026-06-05 22:12:05","151.160220000000000000","-0.9244027100","1.0001827926"
"43121472735797_8725725288005633_BABY_USDT_PERP_S_22452600682","BABY_USDT_PERP","short","2026-06-05 09:40:35","2026-06-06 10:09:00","169.469210000000000000","-0.9152610850","-79.7284237562"
"43121472735797_8725725305176065_OPN_USDT_PERP_S_3306631986","OPN_USDT_PERP","short","2026-06-05 17:35:39","2026-06-06 12:16:33","562.888000000000000000","-2.7184966000","0.7698550134"
"43121472735797_8725725296066561_BLESS_USDT_PERP_S_12427223358","BLESS_USDT_PERP","short","2026-06-07 09:27:01","2026-06-09 11:11:50","-109.664040000000000000","-1.0548270300","3.6752913086"
"43121472735797_8725725299998721_BEAT_USDT_PERP_S_5675832867","BEAT_USDT_PERP","short","2026-06-04 19:09:32","2026-06-10 19:23:53","-6470.621500000000000000","-264.3519935500","84.1802776780"
"43121472735797_8725725288857601_SXT_USDT_PERP_S_23048134660","SXT_USDT_PERP","short","2026-06-11 09:13:40","2026-06-11 16:22:05","71.557760000000000000","-0.4642162300","-3.1911596731"
"43121472735797_8725725281648641_HMSTR_USDT_PERP_S_18446496342","HMSTR_USDT_PERP","short","2026-06-12 08:28:00","2026-06-12 11:16:58","250.285639200000000000","-0.5748569704","0.0000000000"
"43121472735797_8725725296197633_COAI_USDT_PERP_S_12438281215","COAI_USDT_PERP","short","2026-06-13 16:32:37","2026-06-13 22:30:49","254.330200000000000000","-0.8725579000","0.8225882155"
"43121472735797_8725725285253121_TRUMP_USDT_PERP_S_19478820627","TRUMP_USDT_PERP","short","2026-06-13 13:46:25","2026-06-14 14:55:59","107.341400000000000000","-0.9462523000","-2.1218686444"
"43121472735797_8725725296787457_EVAA_USDT_PERP_S_11911430461","EVAA_USDT_PERP","short","2026-06-15 07:05:35","2026-06-16 05:28:43","166.098320000000000000","-0.9169201600","2.6875314791"
"43121472735797_8725725296066561_BLESS_USDT_PERP_S_12573642149","BLESS_USDT_PERP","short","2026-06-17 05:10:12","2026-06-17 10:37:21","154.904310000000000000","-0.9225415250","0.2923882603"
"43121472735797_8725725277716481_PORTAL_USDT_PERP_S_17372616835","PORTAL_USDT_PERP","short","2026-06-16 18:39:56","2026-06-17 19:33:53","115.128395000000000000","-0.9424355125","-13.2401546796"
"43121472735797_8725725293051905_AERO_USDT_PERP_S_15681602982","AERO_USDT_PERP","short","2026-06-17 19:39:33","2026-06-17 19:43:51","4.892470000000000000","-0.9975173650","0.0000000000"
"43121472735797_8725725285384193_SPX_USDT_PERP_S_4632379064","SPX_USDT_PERP","short","2026-06-17 08:24:56","2026-06-18 04:01:09","106.909600000000000000","-0.9464644000","0.2417003478"
"43121472735797_8725725290233857_SQD_USDT_PERP_S_21183980585","SQD_USDT_PERP","short","2026-06-17 11:07:14","2026-06-18 11:57:14","116.171280000000000000","-0.9418914500","0.2731689226"
"43121472735797_8725725299539969_FOLKS_USDT_PERP_S_10074101910","FOLKS_USDT_PERP","short","2026-06-18 17:10:14","2026-06-19 09:33:14","133.120900000000000000","-0.9334268500","0.4430122960"
"43121472735797_8725725294362625_MITO_USDT_PERP_S_14426668614","MITO_USDT_PERP","short","2026-06-17 20:38:32","2026-06-20 07:50:40","151.769850000000000000","-0.9240966550","0.6520695257"
"43121472735797_8725725279289345_BICO_USDT_PERP_S_23086382795","BICO_USDT_PERP","short","2026-06-19 16:51:51","2026-06-20 18:01:19","-973.596540000000000000","-39.9717510150","-7.0242715590"
"43121472735797_8725725279289345_BICO_USDT_PERP_S_23129316162","BICO_USDT_PERP","short","2026-06-21 07:40:32","2026-06-22 18:08:05","377.050980000000000000","-0.8114694900","0.5653505937"
"43121472735797_8725725293969409_XPL_USDT_PERP_S_14275510686","XPL_USDT_PERP","short","2026-06-12 15:56:35","2026-06-23 04:16:53","23.432800000000000000","-0.9882234000","2.0455179120"
"43121472735797_8725725279354881_TNSR_USDT_PERP_S_19378178317","TNSR_USDT_PERP","short","2026-06-21 16:17:29","2026-06-23 08:21:26","187.528136000000000000","-0.9062331560","-38.0298120632"
"43121472735797_8725725273718785_BEL_USDT_PERP_S_20101565795","BEL_USDT_PERP","short","2026-06-23 04:16:41","2026-06-23 19:51:49","149.772200000000000000","-0.9249465000","0.2057849150"
"43121472735797_8725725279289345_BICO_USDT_PERP_S_23196059326","BICO_USDT_PERP","short","2026-06-24 06:30:53","2026-06-24 23:58:23","108.921140000000000000","-0.9455333700","-0.2141455786"
"43121472735797_8725725264216065_XLM_USDT_PERP_S_24435416599","XLM_USDT_PERP","short","2026-05-28 11:20:31","2026-06-25 18:43:31","10.810560000000000000","-1.9945483200","-10.1305034740"
"43121472735797_8725725273718785_BEL_USDT_PERP_S_20122271486","BEL_USDT_PERP","short","2026-06-24 07:50:11","2026-06-26 16:12:27","-124.770300000000000000","-1.0622647500","-1.2600679541"
"43121472735797_8725725268082689_AGLD_USDT_PERP_S_27782165799","AGLD_USDT_PERP","short","2026-06-27 11:33:12","2026-06-27 12:47:43","-12.941000000000000000","-1.0064618000","0.0000000000"
"43121472735797_8725725276274689_MANTA_USDT_PERP_S_19841219053","MANTA_USDT_PERP","short","2026-06-28 14:16:10","2026-06-28 16:31:29","330.668195000000000000","-1.5346556165","0.1164607862"
"43121472735797_8725725273718785_BEL_USDT_PERP_S_20179193314","BEL_USDT_PERP","short","2026-06-27 11:50:51","2026-06-28 16:54:23","149.927900000000000000","-0.9249619500","-21.3632090634"
"43121472735797_8725725276274689_MANTA_USDT_PERP_S_19848401843","MANTA_USDT_PERP","short","2026-06-28 19:01:43","2026-06-28 20:02:39","51.712792000000000000","-1.4741360210","-0.0316731316"
"43121472735797_8725725268082689_AGLD_USDT_PERP_S_27784041169","AGLD_USDT_PERP","short","2026-06-27 13:49:47","2026-06-29 02:08:17","116.310200000000000000","-0.9416818000","-22.1072611077"
"43121472735797_8725725284859905_COOKIE_USDT_PERP_S_18196007218","COOKIE_USDT_PERP","short","2026-06-28 17:23:52","2026-06-29 12:38:47","130.260750000000000000","-0.9348677150","0.2190909884"
"43121472735797_8725725299867649_ALLO_USDT_PERP_S_5551575436","ALLO_USDT_PERP","short","2026-06-04 17:40:48","2026-06-29 15:38:22","133.825800000000000000","-2.3325705600","8.7275944427"
"43121472735797_8725725283090433_ACT_USDT_PERP_S_25317401318","ACT_USDT_PERP","short","2026-06-28 19:35:35","2026-06-30 12:56:23","157.600000000000000000","-0.9212000000","-5.8391910735"
"43121472735797_8725725285187585_S_USDT_PERP_S_18227510468","S_USDT_PERP","short","2026-06-28 16:36:53","2026-06-30 13:52:51","148.735000000000000000","-0.9256300000","-0.5695213955"
"43121472735797_8725725299867649_ALLO_USDT_PERP_S_6059365625","ALLO_USDT_PERP","short","2026-06-29 17:40:44","2026-07-01 03:01:00","160.216700000000000000","-1.9198271500","0.7938111110"
"43121472735797_8725725265592321_WLD_USDT_PERP_S_27899339758","WLD_USDT_PERP","short","2026-06-01 17:15:30","2026-07-01 13:17:25","34.071900000000000000","-0.9827380500","-3.1810554998"
"43121472735797_8725725299867649_ALLO_USDT_PERP_S_6090924307","ALLO_USDT_PERP","short","2026-07-01 10:12:20","2026-07-02 00:14:49","329.143800000000000000","-2.8353335000","0.5685191097"
"43121472735797_8725725267296257_TLM_USDT_PERP_S_7231457480","TLM_USDT_PERP","short","2026-07-01 23:12:02","2026-07-02 00:28:41","153.780910000000000000","-0.9231080120","-3.2572749670"
"43121472735797_8725725293051905_AERO_USDT_PERP_S_15681908755","AERO_USDT_PERP","short","2026-06-17 20:02:14","2026-07-02 00:32:53","17.429270000000000000","-0.9912819550","3.9717879608"
"43121472735797_8725725296656385_NOM_USDT_PERP_S_12312971363","NOM_USDT_PERP","short","2026-07-01 19:14:01","2026-07-02 00:44:21","106.902974000000000000","-0.9465480330","-4.7720022402"
"43121472735797_8725725299867649_ALLO_USDT_PERP_S_6102698993","ALLO_USDT_PERP","short","2026-07-02 01:35:13","2026-07-02 02:11:10","-80.832700000000000000","-3.0401782500","0.0000000000"
"43121472735797_8725725272014849_RIF_USDT_PERP_S_19017684879","RIF_USDT_PERP","short","2026-07-02 11:06:25","2026-07-02 14:59:49","110.040060000000000000","-0.9448829400","0.0150314126"
"43121472735797_8725725296656385_NOM_USDT_PERP_S_12324998017","NOM_USDT_PERP","short","2026-07-02 11:05:48","2026-07-02 22:40:24","75.810867000000000000","-0.9620932805","-1.2839648830"
"43121472735797_8725725267296257_TLM_USDT_PERP_S_7237539918","TLM_USDT_PERP","short","2026-07-02 16:31:40","2026-07-03 01:51:57","118.678821000000000000","-0.9406590915","-3.1418125472"
"43121472735797_8725725297770497_ZBT_USDT_PERP_S_11166656856","ZBT_USDT_PERP","short","2026-07-01 19:18:43","2026-07-03 11:34:50","122.409500000000000000","-0.9386956500","0.4737988011"
"43121472735797_8725725263888385_ARPA_USDT_PERP_S_20094488101","ARPA_USDT_PERP","short","2026-07-03 12:35:34","2026-07-03 14:06:16","97.412780000000000000","-0.9512832100","0.0000000000"
"43121472735797_8725725263888385_ARPA_USDT_PERP_S_20096085616","ARPA_USDT_PERP","short","2026-07-03 15:03:40","2026-07-03 15:06:07","-13.295240000000000000","-1.0066396000","0.0000000000"
"43121472735797_8725725272014849_RIF_USDT_PERP_S_19050147757","RIF_USDT_PERP","short","2026-07-03 15:54:29","2026-07-04 16:49:55","101.789130000000000000","-0.9490988950","0.0411804335"
"43121472735797_8725725267296257_TLM_USDT_PERP_S_7245759551","TLM_USDT_PERP","short","2026-07-03 22:23:03","2026-07-04 18:53:43","152.751026000000000000","-0.9236229910","-3.3081653842"
"43121472735797_8725725266706433_OGN_USDT_PERP_S_17259104707","OGN_USDT_PERP","short","2026-07-04 15:11:15","2026-07-05 01:25:06","97.886410000000000000","-0.9510566450","-13.4497368035"
"43121472735797_8725725296656385_NOM_USDT_PERP_S_12344317193","NOM_USDT_PERP","short","2026-07-03 12:58:48","2026-07-05 03:03:56","107.434932000000000000","-0.9462810690","0.4058114711"
"43121472735797_8725725281648641_HMSTR_USDT_PERP_S_18788024727","HMSTR_USDT_PERP","short","2026-07-04 13:06:37","2026-07-05 03:17:27","227.200393400000000000","-1.8863993397","0.2831946703"
